HarmonyOS,https://github.com/Awesome-HarmonyOS/HarmonyOS.git,master,18645
Tasmota,https://github.com/arendst/Tasmota.git,master,18513
zstd,https://github.com/facebook/zstd.git,master,18503
nginx,https://github.com/nginx/nginx.git,master,17370
radare2,https://github.com/radareorg/radare2.git,master,17041
mimikatz,https://github.com/gentilkiwi/mimikatz.git,master,16188
hashcat,https://github.com/hashcat/hashcat.git,master,15838
bcc,https://github.com/iovisor/bcc.git,master,15751
micropython,https://github.com/micropython/micropython.git,master,15273
goaccess,https://github.com/allinurl/goaccess.git,master,15261
nnn,https://github.com/jarun/nnn.git,master,15041
C,https://github.com/TheAlgorithms/C.git,master,14733
timescaledb,https://github.com/timescale/timescaledb.git,master,13911
qmk_firmware,https://github.com/qmk/qmk_firmware.git,master,13538
nuklear,https://github.com/vurtun/nuklear.git,master,13478
Mailspring,https://github.com/Foundry376/Mailspring.git,master,13344
yabai,https://github.com/koekeishiya/yabai.git,master,13195
openwrt,https://github.com/openwrt/openwrt.git,master,12968
ish,https://github.com/ish-app/ish.git,master,12819
open-gpu-kernel-modules,https://github.com/NVIDIA/open-gpu-kernel-modules.git,master,12631
memcached,https://github.com/memcached/memcached.git,master,12210
nginx-rtmp-module,https://github.com/arut/nginx-rtmp-module.git,master,12166
kcp,https://github.com/skywind3000/kcp.git,master,11797
raspberry-pi-os,https://github.com/s-matyukevich/raspberry-pi-os.git,master,11766
tengine,https://github.com/alibaba/tengine.git,master,11678
twemproxy,https://github.com/twitter/twemproxy.git,master,11601
reactos,https://github.com/reactos/reactos.git,master,11589
skynet,https://github.com/cloudwu/skynet.git,master,11576
brotli,https://github.com/google/brotli.git,master,11559
robotjs,https://github.com/octalmage/robotjs.git,master,11359
tig,https://github.com/jonas/tig.git,master,11256
sway,https://github.com/swaywm/sway.git,master,11237
blurhash,https://github.com/woltapp/blurhash.git,master,11204
postgres,https://github.com/postgres/postgres.git,master,11154
HandBrake,https://github.com/HandBrake/HandBrake.git,master,10965
openresty,https://github.com/openresty/openresty.git,master,10925
raylib,https://github.com/raysan5/raylib.git,master,10896
esp8266_deauther,https://github.com/SpacehuhnTech/esp8266_deauther.git,master,10653
webview,https://github.com/webview/webview.git,master,10560
lvgl,https://github.com/lvgl/lvgl.git,master,10553
libsodium,https://github.com/jedisct1/libsodium.git,master,10519
libui,https://github.com/andlabs/libui.git,master,10337
lua-nginx-module,https://github.com/openresty/lua-nginx-module.git,master,10308
darwin-xnu,https://github.com/apple/darwin-xnu.git,master,10300
OpenCorePkg,https://github.com/acidanthera/OpenCorePkg.git,master,10289
systemd,https://github.com/systemd/systemd.git,master,10219
h2o,https://github.com/h2o/h2o.git,master,10156
seafile,https://github.com/haiwen/seafile.git,master,10112
rofi,https://github.com/davatorium/rofi.git,master,10014
glfw,https://github.com/glfw/glfw.git,master,9716
vlc,https://github.com/videolan/vlc.git,master,9709
WindTerm,https://github.com/kingToolbox/WindTerm.git,master,9683
BlackHole,https://github.com/ExistentialAudio/BlackHole.git,master,9656
wcdb,https://github.com/Tencent/wcdb.git,master,9514
arduino-esp32,https://github.com/espressif/arduino-esp32.git,master,9507
phpredis,https://github.com/phpredis/phpredis.git,master,9474
Craft,https://github.com/fogleman/Craft.git,master,9455
cosmopolitan,https://github.com/jart/cosmopolitan.git,master,9407
SoftEtherVPN,https://github.com/SoftEtherVPN/SoftEtherVPN.git,master,9347
linux,https://github.com/raspberrypi/linux.git,master,9313
esp-idf,https://github.com/espressif/esp-idf.git,master,9288
darling,https://github.com/darlinghq/darling.git,master,9280
libevent,https://github.com/libevent/libevent.git,master,9269
DOOM,https://github.com/id-Software/DOOM.git,master,9202
redis-3.0-annotated,https://github.com/huangz1990/redis-3.0-annotated.git,master,9129
Tinyhttpd,https://github.com/EZLippi/Tinyhttpd.git,master,9090
sumatrapdf,https://github.com/sumatrapdfreader/sumatrapdf.git,master,9005
mongoose,https://github.com/cesanta/mongoose.git,master,8842
ExplorerPatcher,https://github.com/valinet/ExplorerPatcher.git,master,8838
sanitizers,https://github.com/google/sanitizers.git,master,8837
torch7,https://github.com/torch/torch7.git,master,8744
libgit2,https://github.com/libgit2/libgit2.git,master,8734
toxcore,https://github.com/irungentoo/toxcore.git,master,8686
japronto,https://github.com/squeaky-pl/japronto.git,master,8594
Dummy-Robot,https://github.com/peng-zhihui/Dummy-Robot.git,master,8540
coturn,https://github.com/coturn/coturn.git,master,8340
audacity,https://github.com/audacity/audacity.git,master,8279
Sandboxie,https://github.com/sandboxie-plus/Sandboxie.git,master,8267
proxychains-ng,https://github.com/rofl0r/proxychains-ng.git,master,8255
fastdfs,https://github.com/happyfish100/fastdfs.git,master,8254
react-native-code-push,https://github.com/microsoft/react-native-code-push.git,master,8235
zfs,https://github.com/openzfs/zfs.git,master,8229
ffmpeg-libav-tutorial,https://github.com/leandromoreira/ffmpeg-libav-tutorial.git,master,8196
cJSON,https://github.com/DaveGamble/cJSON.git,master,8036
systeminformer,https://github.com/winsiderss/systeminformer.git,master,8034
GoodbyeDPI,https://github.com/ValdikSS/GoodbyeDPI.git,master,7691
lz4,https://github.com/lz4/lz4.git,master,7665
BGAQRCode-Android,https://github.com/bingoogolapple/BGAQRCode-Android.git,master,7663
openvpn,https://github.com/OpenVPN/openvpn.git,master,7653
i3,https://github.com/i3/i3.git,master,7574
exploitdb,https://github.com/offensive-security/exploitdb.git,master,7535
Mirai-Source-Code,https://github.com/jgamblin/Mirai-Source-Code.git,master,7527
rt-thread,https://github.com/RT-Thread/rt-thread.git,master,7513
AppImageKit,https://github.com/AppImage/AppImageKit.git,master,7506
jemalloc,https://github.com/jemalloc/jemalloc.git,master,7496
FreeRDP,https://github.com/FreeRDP/FreeRDP.git,master,7478
citus,https://github.com/citusdata/citus.git,master,7458
db_tutorial,https://github.com/cstack/db_tutorial.git,master,7434
Reverse-Engineering,https://github.com/mytechnotalent/Reverse-Engineering.git,master,7427
cockpit,https://github.com/cockpit-project/cockpit.git,master,7318
mimalloc,https://github.com/microsoft/mimalloc.git,master,7302
libvips,https://github.com/libvips/libvips.git,master,7291
xmrig,https://github.com/xmrig/xmrig.git,master,7213
nodemcu-firmware,https://github.com/nodemcu/nodemcu-firmware.git,master,7181
yugabyte-db,https://github.com/yugabyte/yugabyte-db.git,master,7181
RetroArch,https://github.com/libretro/RetroArch.git,master,7140
darktable,https://github.com/darktable-org/darktable.git,master,7047
TheFatRat,https://github.com/screetsec/TheFatRat.git,master,7007
nmap,https://github.com/nmap/nmap.git,master,6952
Learn-Algorithms,https://github.com/nonstriater/Learn-Algorithms.git,master,6901
acwj,https://github.com/DoctorWkt/acwj.git,master,6900
gcc,https://github.com/gcc-mirror/gcc.git,master,6893
ccv,https://github.com/liuliu/ccv.git,master,6882
john,https://github.com/openwall/john.git,master,6877
qemu,https://github.com/qemu/qemu.git,master,6859
blender,https://github.com/blender/blender.git,master,6845
zephyr,https://github.com/zephyrproject-rtos/zephyr.git,master,6789
janus-gateway,https://github.com/meetecho/janus-gateway.git,master,6771
catboost,https://github.com/catboost/catboost.git,master,6767
lab,https://github.com/deepmind/lab.git,master,6750
thc-hydra,https://github.com/vanhauser-thc/thc-hydra.git,master,6736
windows-kernel-exploits,https://github.com/SecWiki/windows-kernel-exploits.git,master,6718
L-ink_Card,https://github.com/peng-zhihui/L-ink_Card.git,master,6705
vlmcsd,https://github.com/Wind4/vlmcsd.git,master,6693
mosquitto,https://github.com/eclipse/mosquitto.git,master,6686
xxHash,https://github.com/Cyan4973/xxHash.git,master,6674
Undecimus,https://github.com/pwn20wndstuff/Undecimus.git,master,6652
freebsd-src,https://github.com/freebsd/freebsd-src.git,master,6600
gb-studio,https://github.com/chrismaltby/gb-studio.git,master,6565
bspwm,https://github.com/baskerville/bspwm.git,master,6543
mac-precision-touchpad,https://github.com/imbushuo/mac-precision-touchpad.git,master,6540
ponyc,https://github.com/ponylang/ponyc.git,master,5123
ZipArchive,https://github.com/ZipArchive/ZipArchive.git,master,5113
GameNetworkingResources,https://github.com/ThusSpokeNomad/GameNetworkingResources.git,master,5107
wazuh,https://github.com/wazuh/wazuh.git,master,5092
HDMI-PI,https://github.com/peng-zhihui/HDMI-PI.git,master,5036
kbengine,https://github.com/kbengine/kbengine.git,master,5022
mruby,https://github.com/mruby/mruby.git,master,5017
dsvpn,https://github.com/jedisct1/dsvpn.git,master,5007
mozjpeg,https://github.com/mozilla/mozjpeg.git,master,4995
winfsp,https://github.com/winfsp/winfsp.git,master,4969
Provenance,https://github.com/Provenance-Emu/Provenance.git,master,4960
bitwise,https://github.com/pervognsen/bitwise.git,master,4955
tmate,https://github.com/tmate-io/tmate.git,master,4955
MBE,https://github.com/RPISEC/MBE.git,master,4941
IronOS,https://github.com/Ralim/IronOS.git,master,4936
cjdns,https://github.com/cjdelisle/cjdns.git,master,4925
mujoco,https://github.com/deepmind/mujoco.git,master,4924
ecapture,https://github.com/ehids/ecapture.git,master,4919
fontforge,https://github.com/fontforge/fontforge.git,master,4908
HP-Socket,https://github.com/ldcsaa/HP-Socket.git,master,4899
wireshark,https://github.com/wireshark/wireshark.git,master,4892
hackrf,https://github.com/greatscottgadgets/hackrf.git,master,4889
ttyd,https://github.com/tsl0922/ttyd.git,master,4871
quickjs,https://github.com/bellard/quickjs.git,master,4855
fishhook,https://github.com/facebook/fishhook.git,master,4836
OpenBLAS,https://github.com/xianyi/OpenBLAS.git,master,4812
sshfs,https://github.com/libfuse/sshfs.git,master,4806
grbl,https://github.com/grbl/grbl.git,master,4797
redcarpet,https://github.com/vmg/redcarpet.git,master,4791
sysbench,https://github.com/akopytov/sysbench.git,master,4785
iperf,https://github.com/esnet/iperf.git,master,4763
libhv,https://github.com/ithewei/libhv.git,master,4756
30dayMakeOS,https://github.com/yourtion/30dayMakeOS.git,master,4754
HoloCubic,https://github.com/peng-zhihui/HoloCubic.git,master,4744
cmus,https://github.com/cmus/cmus.git,master,4735
yasea,https://github.com/begeekmyfriend/yasea.git,master,4715
licecap,https://github.com/justinfrankel/licecap.git,master,4703
UACME,https://github.com/hfiref0x/UACME.git,master,4691
reptyr,https://github.com/nelhage/reptyr.git,master,4690
proxychains,https://github.com/haad/proxychains.git,master,4647
Atlas,https://github.com/Qihoo360/Atlas.git,master,4632
AdAway,https://github.com/AdAway/AdAway.git,master,4622
LiteOS,https://github.com/LiteOS/LiteOS.git,master,4580
streem,https://github.com/matz/streem.git,master,4574
arcore-android-sdk,https://github.com/google-ar/arcore-android-sdk.git,master,4571
linux-kernel-exploits,https://github.com/SecWiki/linux-kernel-exploits.git,master,4569
Logan,https://github.com/Meituan-Dianping/Logan.git,master,4566
iodine,https://github.com/yarrick/iodine.git,master,4530
nanovg,https://github.com/memononen/nanovg.git,master,4514
zmap,https://github.com/zmap/zmap.git,master,4503
kcat,https://github.com/edenhill/kcat.git,master,4496
yaf,https://github.com/laruence/yaf.git,master,4490
colmap,https://github.com/colmap/colmap.git,master,4485
firejail,https://github.com/netblue30/firejail.git,master,4474
pngquant,https://github.com/kornelski/pngquant.git,master,4462
mdp,https://github.com/visit1985/mdp.git,master,4461
dokany,https://github.com/dokan-dev/dokany.git,master,4448
vim.js,https://github.com/coolwanglu/vim.js.git,master,4446
clib,https://github.com/clibs/clib.git,master,4413
VeraCrypt,https://github.com/veracrypt/VeraCrypt.git,master,4381
nvtop,https://github.com/Syllo/nvtop.git,master,4372
AliOS-Things,https://github.com/alibaba/AliOS-Things.git,master,4289
RIOT,https://github.com/RIOT-OS/RIOT.git,master,4287
ravynos,https://github.com/ravynsoft/ravynos.git,master,4273
jo,https://github.com/jpmens/jo.git,master,4258
coder-kung-fu,https://github.com/yanfeizhang/coder-kung-fu.git,master,4216
mbed-os,https://github.com/ARMmbed/mbed-os.git,master,4210
rtl_433,https://github.com/merbanan/rtl_433.git,master,4204
s2n-tls,https://github.com/aws/s2n-tls.git,master,4188
htop,https://github.com/htop-dev/htop.git,master,4177
tbox,https://github.com/tboox/tbox.git,master,4170
esp_wifi_repeater,https://github.com/martin-ger/esp_wifi_repeater.git,master,4163
tcpcopy,https://github.com/session-replay-tools/tcpcopy.git,master,4158
MangoHud,https://github.com/flightlessmango/MangoHud.git,master,4149
Tesseract-OCR-iOS,https://github.com/gali8/Tesseract-OCR-iOS.git,master,4149
naxsi,https://github.com/nbs-system/naxsi.git,master,4139
hekate,https://github.com/CTCaer/hekate.git,master,4135
xrdp,https://github.com/neutrinolabs/xrdp.git,master,4111
libfuse,https://github.com/libfuse/libfuse.git,master,4106
HelloWord-Keyboard,https://github.com/peng-zhihui/HelloWord-Keyboard.git,master,4102
phc-winner-argon2,https://github.com/P-H-C/phc-winner-argon2.git,master,4096
tpotce,https://github.com/telekom-security/tpotce.git,master,4089
gravity,https://github.com/marcobambini/gravity.git,master,4073
SDL,https://github.com/libsdl-org/SDL.git,master,4073
fluent-bit,https://github.com/fluent/fluent-bit.git,master,4048
sioyek,https://github.com/ahrm/sioyek.git,master,4044
mgba,https://github.com/mgba-emu/mgba.git,master,4040
MTProxy,https://github.com/TelegramMessenger/MTProxy.git,master,4033
libusb,https://github.com/libusb/libusb.git,master,4012
OpenLara,https://github.com/XProger/OpenLara.git,master,4003
loadlibrary,https://github.com/taviso/loadlibrary.git,master,3996
meltdown,https://github.com/IAIK/meltdown.git,master,3988
sds,https://github.com/antirez/sds.git,master,3986
RediSearch,https://github.com/RediSearch/RediSearch.git,master,3968
dynomite,https://github.com/Netflix/dynomite.git,master,3964
mizu,https://github.com/up9inc/mizu.git,master,3961
PINRemoteImage,https://github.com/pinterest/PINRemoteImage.git,master,3959
sokol,https://github.com/floooh/sokol.git,master,3944
Telegram-iOS,https://github.com/TelegramMessenger/Telegram-iOS.git,master,3921
zlib,https://github.com/madler/zlib.git,master,3912
mpc-hc,https://github.com/mpc-hc/mpc-hc.git,master,3888
vis,https://github.com/martanne/vis.git,master,3881
seL4,https://github.com/seL4/seL4.git,master,3880
oot,https://github.com/zeldaret/oot.git,master,3875
katran,https://github.com/facebookincubator/katran.git,master,3873
ultrajson,https://github.com/ultrajson/ultrajson.git,master,3869
glusterfs,https://github.com/gluster/glusterfs.git,master,3856
X-TRACK,https://github.com/FASTSHIFT/X-TRACK.git,master,3845
lxc,https://github.com/lxc/lxc.git,master,3840
LCUI,https://github.com/lc-soft/LCUI.git,master,3838
Quake,https://github.com/id-Software/Quake.git,master,3823
fio,https://github.com/axboe/fio.git,master,3813
ossec-hids,https://github.com/ossec/ossec-hids.git,master,3809
Luma3DS,https://github.com/LumaTeam/Luma3DS.git,master,3796
osv,https://github.com/cloudius-systems/osv.git,master,3790
mbedtls,https://github.com/Mbed-TLS/mbedtls.git,master,3788
study,https://github.com/ming1016/study.git,master,3781
fastsocket,https://github.com/fastos/fastsocket.git,master,3773
RxFFmpeg,https://github.com/microshow/RxFFmpeg.git,master,3759
reading-code-of-nginx-1.9.2,https://github.com/y123456yz/reading-code-of-nginx-1.9.2.git,master,3753
sslh,https://github.com/yrutschle/sslh.git,master,3735
ttygif,https://github.com/icholy/ttygif.git,master,3725
LookingGlass,https://github.com/gnif/LookingGlass.git,master,3716
tmk_keyboard,https://github.com/tmk/tmk_keyboard.git,master,3713
h3,https://github.com/uber/h3.git,master,3695
tess-two,https://github.com/rmtheis/tess-two.git,master,3686
libwebsockets,https://github.com/warmcat/libwebsockets.git,master,3680
klib,https://github.com/attractivechaos/klib.git,master,3648
CloverBootloader,https://github.com/CloverHackyColor/CloverBootloader.git,master,3640
TIC-80,https://github.com/nesbox/TIC-80.git,master,3628
gimp,https://github.com/GNOME/gimp.git,master,3608
littlefs,https://github.com/littlefs-project/littlefs.git,master,3595
cute_headers,https://github.com/RandyGaul/cute_headers.git,master,3595
libpostal,https://github.com/openvenues/libpostal.git,master,3589
wrk2,https://github.com/giltene/wrk2.git,master,3589
qira,https://github.com/geohot/qira.git,master,3560
FFmpegAndroid,https://github.com/xufuji456/FFmpegAndroid.git,master,3554
kore,https://github.com/jorisvink/kore.git,master,3540
flinux,https://github.com/wishstudio/flinux.git,master,3537
GmSSL,https://github.com/guanzhi/GmSSL.git,master,3522
Skill-Tree,https://github.com/linw7/Skill-Tree.git,master,3521
rainmeter,https://github.com/rainmeter/rainmeter.git,master,3520
openwrt-passwall,https://github.com/xiaorouji/openwrt-passwall.git,master,3518
vgpu_unlock,https://github.com/DualCoder/vgpu_unlock.git,master,3505
tinyproxy,https://github.com/tinyproxy/tinyproxy.git,master,3502
stlink,https://github.com/stlink-org/stlink.git,master,3500
contiki,https://github.com/contiki-os/contiki.git,master,3497
CPython-Internals,https://github.com/zpoint/CPython-Internals.git,master,3497
ChinaDNS,https://github.com/shadowsocks/ChinaDNS.git,master,3493
LuaJIT,https://github.com/LuaJIT/LuaJIT.git,master,3492
Linux-NetSpeed,https://github.com/Chikage0o0/Linux-NetSpeed.git,master,3485
pthreads,https://github.com/krakjoe/pthreads.git,master,3482
daytripper,https://github.com/dekuNukem/daytripper.git,master,3460
btrfs,https://github.com/maharmstone/btrfs.git,master,3458
mobile-ffmpeg,https://github.com/tanersener/mobile-ffmpeg.git,master,3455
sc-im,https://github.com/andmarti1424/sc-im.git,master,3448
clumsy,https://github.com/jagt/clumsy.git,master,3436
dunst,https://github.com/dunst-project/dunst.git,master,3426
small-video-record,https://github.com/mabeijianxi/small-video-record.git,master,3411
grbl,https://github.com/gnea/grbl.git,master,3411
flipperzero-firmware,https://github.com/flipperdevices/flipperzero-firmware.git,master,3410
flatpak,https://github.com/flatpak/flatpak.git,master,3405
xHook,https://github.com/iqiyi/xHook.git,master,3403
sshfs-win,https://github.com/winfsp/sshfs-win.git,master,3403
gamemode,https://github.com/FeralInteractive/gamemode.git,master,3393
u8g2,https://github.com/olikraus/u8g2.git,master,3388
ly,https://github.com/fairyglade/ly.git,master,3385
legacy-cc,https://github.com/mortdeus/legacy-cc.git,master,3379
tor,https://github.com/torproject/tor.git,master,3376
hyperkit,https://github.com/moby/hyperkit.git,master,3366
OBS,https://github.com/jp9000/OBS.git,master,3366
common,https://github.com/cucumber/common.git,master,3353
pushdeer,https://github.com/easychen/pushdeer.git,master,3352
libfreenect,https://github.com/OpenKinect/libfreenect.git,master,3347
orbital,https://github.com/AlexAltea/orbital.git,master,3346
dSYMTools,https://github.com/answer-huang/dSYMTools.git,master,3343
sandboxie,https://github.com/sandboxie/sandboxie.git,master,3341
aircrack-ng,https://github.com/aircrack-ng/aircrack-ng.git,master,3337
f-stack,https://github.com/F-Stack/f-stack.git,master,3311
mimipenguin,https://github.com/huntergregal/mimipenguin.git,master,3309
tiny-AES-c,https://github.com/kokke/tiny-AES-c.git,master,3309
ngx_http_google_filter_module,https://github.com/cuber/ngx_http_google_filter_module.git,master,3303
OpenMower,https://github.com/ClemensElflein/OpenMower.git,master,3301
hstr,https://github.com/dvorka/hstr.git,master,3284
libuv,https://github.com/joyent/libuv.git,master,3283
flecs,https://github.com/SanderMertens/flecs.git,master,3264
simplewall,https://github.com/henrypp/simplewall.git,master,3262
skhd,https://github.com/koekeishiya/skhd.git,master,3258
keepalived,https://github.com/acassen/keepalived.git,master,3244
edk2,https://github.com/tianocore/edk2.git,master,3234
rpitx,https://github.com/F5OEO/rpitx.git,master,3229
wuffs,https://github.com/google/wuffs.git,master,3223
activate-linux,https://github.com/MrGlockenspiel/activate-linux.git,master,3215
uthash,https://github.com/troydhanson/uthash.git,master,3212
haproxy,https://github.com/haproxy/haproxy.git,master,3203
dqlite,https://github.com/canonical/dqlite.git,master,3200
write-a-C-interpreter,https://github.com/lotabout/write-a-C-interpreter.git,master,3197
uwsgi,https://github.com/unbit/uwsgi.git,master,3195
Lilu,https://github.com/acidanthera/Lilu.git,master,3193
xv6-riscv,https://github.com/mit-pdos/xv6-riscv.git,master,3187
nanopb,https://github.com/nanopb/nanopb.git,master,3184
motion,https://github.com/Motion-Project/motion.git,master,3172
bytehound,https://github.com/koute/bytehound.git,master,3170
CTF-All-In-One,https://github.com/firmianay/CTF-All-In-One.git,master,3163
wasm-micro-runtime,https://github.com/bytecodealliance/wasm-micro-runtime.git,master,3154
libaco,https://github.com/hnes/libaco.git,master,3148
magspoof,https://github.com/samyk/magspoof.git,master,3148
krackattacks-scripts,https://github.com/vanhoefm/krackattacks-scripts.git,master,3141
AFLplusplus,https://github.com/AFLplusplus/AFLplusplus.git,master,3132
tinyusb,https://github.com/hathach/tinyusb.git,master,3128
pocketsphinx,https://github.com/cmusphinx/pocketsphinx.git,master,3121
coreutils,https://github.com/coreutils/coreutils.git,master,3117
xCrash,https://github.com/iqiyi/xCrash.git,master,3112
coz,https://github.com/plasma-umass/coz.git,master,3089
httpd,https://github.com/apache/httpd.git,master,3084
sqlite,https://github.com/sqlite/sqlite.git,master,3083
varnish-cache,https://github.com/varnishcache/varnish-cache.git,master,3074
libjpeg-turbo,https://github.com/libjpeg-turbo/libjpeg-turbo.git,master,3063
linenoise,https://github.com/antirez/linenoise.git,master,3061
Nintendo_Switch_Reverse_Engineering,https://github.com/dekuNukem/Nintendo_Switch_Reverse_Engineering.git,master,3060
jsmn,https://github.com/zserge/jsmn.git,master,3058
msquic,https://github.com/microsoft/msquic.git,master,3054
eddystone,https://github.com/google/eddystone.git,master,3040
gifsicle,https://github.com/kohler/gifsicle.git,master,3039
rt-n56u,https://github.com/hanwckf/rt-n56u.git,master,3035
rubinius,https://github.com/rubinius/rubinius.git,master,3026
nDPI,https://github.com/ntop/nDPI.git,master,3024
FreeRTOS,https://github.com/FreeRTOS/FreeRTOS.git,master,3013
stellar-core,https://github.com/stellar/stellar-core.git,master,3011
ovs,https://github.com/openvswitch/ovs.git,master,3010
minecraft-weekend,https://github.com/jdah/minecraft-weekend.git,master,3004
picom,https://github.com/yshui/picom.git,master,2990
UEFITool,https://github.com/LongSoft/UEFITool.git,master,2990
clink,https://github.com/mridgers/clink.git,master,2973
sqlitestudio,https://github.com/pawelsalawa/sqlitestudio.git,master,2969
v4l2loopback,https://github.com/umlaeute/v4l2loopback.git,master,2968
wsltty,https://github.com/mintty/wsltty.git,master,2966
tinyvm,https://github.com/jakogut/tinyvm.git,master,2964
minhook,https://github.com/TsudaKageyu/minhook.git,master,2961
emojicode,https://github.com/emojicode/emojicode.git,master,2944
rtty,https://github.com/zhaojh329/rtty.git,master,2940
C,https://github.com/Mzzopublic/C.git,master,2938
nng,https://github.com/nanomsg/nng.git,master,2927
noise-suppression-for-voice,https://github.com/werman/noise-suppression-for-voice.git,master,2927
oj,https://github.com/ohler55/oj.git,master,2920
zsh,https://github.com/zsh-users/zsh.git,master,2919
AFL,https://github.com/google/AFL.git,master,2919
cmatrix,https://github.com/abishekvashok/cmatrix.git,master,2917
nchan,https://github.com/slact/nchan.git,master,2882
p2pvc,https://github.com/mofarrell/p2pvc.git,master,2882
tectonic,https://github.com/tectonic-typesetting/tectonic.git,master,2876
icmptunnel,https://github.com/DhavalKapil/icmptunnel.git,master,2870
ESP8266_RTOS_SDK,https://github.com/espressif/ESP8266_RTOS_SDK.git,master,2865
lastpass-cli,https://github.com/lastpass/lastpass-cli.git,master,2859
INTANG,https://github.com/seclab-ucr/INTANG.git,master,2852
bjoern,https://github.com/jonashaag/bjoern.git,master,2849
c-algorithms,https://github.com/fragglet/c-algorithms.git,master,2821
odyssey,https://github.com/yandex/odyssey.git,master,2812
aubio,https://github.com/aubio/aubio.git,master,2812
haxm,https://github.com/intel/haxm.git,master,2803
leetcode,https://github.com/begeekmyfriend/leetcode.git,master,2799
GTAO_Booster_PoC,https://github.com/tostercx/GTAO_Booster_PoC.git,master,2797
redsocks,https://github.com/darkk/redsocks.git,master,2794
collectd,https://github.com/collectd/collectd.git,master,2791
7-Zip-zstd,https://github.com/mcmilk/7-Zip-zstd.git,master,2790
suricata,https://github.com/OISF/suricata.git,master,2784
cava,https://github.com/karlstav/cava.git,master,2779
psycopg2,https://github.com/psycopg/psycopg2.git,master,2778
miraclecast,https://github.com/albfan/miraclecast.git,master,2765
hexchat,https://github.com/hexchat/hexchat.git,master,2756
nginx-module-vts,https://github.com/vozlt/nginx-module-vts.git,master,2755
pcileech,https://github.com/ufrisk/pcileech.git,master,2755
bubblewrap,https://github.com/containers/bubblewrap.git,master,2751
flex,https://github.com/westes/flex.git,master,2749
checkedc,https://github.com/microsoft/checkedc.git,master,2743
retro,https://github.com/openai/retro.git,master,2741
rnnoise,https://github.com/xiph/rnnoise.git,master,2739
dumpdecrypted,https://github.com/stefanesser/dumpdecrypted.git,master,2730
Data-Structure,https://github.com/kangjianwei/Data-Structure,master,2729
glad,https://github.com/Dav1dde/glad.git,master,2728
Unity,https://github.com/ThrowTheSwitch/Unity.git,master,2722
3proxy,https://github.com/3proxy/3proxy.git,master,2722
lk,https://github.com/littlekernel/lk.git,master,2722
openwifi,https://github.com/open-sdr/openwifi.git,master,2717
AirConnect,https://github.com/philippe44/AirConnect.git,master,2699
unit,https://github.com/nginx/unit.git,master,2699
jansson,https://github.com/akheron/jansson.git,master,2694
inotify-tools,https://github.com/inotify-tools/inotify-tools.git,master,2677
zimg,https://github.com/buaazp/zimg.git,master,2675
nq,https://github.com/leahneukirchen/nq.git,master,2665
Main_MiSTer,https://github.com/MiSTer-devel/Main_MiSTer.git,master,2664
pingfs,https://github.com/yarrick/pingfs.git,master,2663
muon,https://github.com/ImVexed/muon.git,master,2651
openwrt,https://github.com/Lienol/openwrt.git,master,2648
ostep-projects,https://github.com/remzi-arpacidusseau/ostep-projects.git,master,2634
libmill,https://github.com/sustrik/libmill.git,master,2633
honggfuzz,https://github.com/google/honggfuzz.git,master,2632
cuda-samples,https://github.com/NVIDIA/cuda-samples.git,master,2623
ics-openvpn,https://github.com/schwabe/ics-openvpn.git,master,2622
os,https://github.com/minoca/os.git,master,2620
libffi,https://github.com/libffi/libffi.git,master,2615
proxmark3,https://github.com/Proxmark/proxmark3.git,master,2606
neuralcoref,https://github.com/huggingface/neuralcoref.git,master,2604
SmartAppUpdates,https://github.com/cundong/SmartAppUpdates.git,master,2601
fzy,https://github.com/jhawthorn/fzy.git,master,2597
awtk,https://github.com/zlgopen/awtk.git,master,2596
entr,https://github.com/eradman/entr.git,master,2596
ProcDump-for-Linux,https://github.com/Sysinternals/ProcDump-for-Linux.git,master,2596
webdis,https://github.com/nicolasff/webdis.git,master,2594
neomutt,https://github.com/neomutt/neomutt.git,master,2592
janet,https://github.com/janet-lang/janet.git,master,2587
helloworld,https://github.com/fw876/helloworld.git,master,2580
gear-lib,https://github.com/gozfree/gear-lib.git,master,2577
Broadway,https://github.com/mbebenita/Broadway.git,master,2573
UVCCamera,https://github.com/saki4510t/UVCCamera.git,master,2566
irssi,https://github.com/irssi/irssi.git,master,2563
EasyLogger,https://github.com/armink/EasyLogger.git,master,2563
weechat,https://github.com/weechat/weechat.git,master,2557
viabtc_exchange_server,https://github.com/viabtc/viabtc_exchange_server.git,master,2552
AI-on-the-edge-device,https://github.com/jomjol/AI-on-the-edge-device.git,master,2550
Tiny,https://github.com/Sunzxyong/Tiny.git,master,2550
EasyHook,https://github.com/EasyHook/EasyHook.git,master,2546
json-c,https://github.com/json-c/json-c.git,master,2545
src,https://github.com/openbsd/src.git,master,2539
QuickJS,https://github.com/quickjs-zh/QuickJS.git,master,2538
premake-core,https://github.com/premake/premake-core.git,master,2535
amazon-freertos,https://github.com/aws/amazon-freertos.git,master,2531
starrtc-server,https://github.com/starrtc/starrtc-server.git,master,2525
zydis,https://github.com/zyantific/zydis.git,master,2523
WizQTClient,https://github.com/WizTeam/WizQTClient.git,master,2520
iotjs,https://github.com/jerryscript-project/iotjs.git,master,2509
tidy-html5,https://github.com/htacg/tidy-html5.git,master,2509
esp-link,https://github.com/jeelabs/esp-link.git,master,2505
shadowsocksr-native,https://github.com/ShadowsocksR-Live/shadowsocksr-native.git,master,2501
mjpg-streamer,https://github.com/jacksonliam/mjpg-streamer.git,master,2500
pwnat,https://github.com/samyk/pwnat.git,master,2498
Espruino,https://github.com/espruino/Espruino.git,master,2486
libopencm3,https://github.com/libopencm3/libopencm3.git,master,2483
rpi4-osdev,https://github.com/isometimes/rpi4-osdev.git,master,2479
shellinabox,https://github.com/shellinabox/shellinabox.git,master,2477
miniaudio,https://github.com/mackron/miniaudio.git,master,2474
Collections-C,https://github.com/srdja/Collections-C.git,master,2471
io,https://github.com/IoLanguage/io.git,master,2456
sl,https://github.com/mtoyoda/sl.git,master,2451
cleanflight,https://github.com/cleanflight/cleanflight.git,master,2448
word2vec,https://github.com/danielfrg/word2vec.git,master,2443
microui,https://github.com/rxi/microui.git,master,2439
libmodbus,https://github.com/stephane/libmodbus.git,master,2439
luna,https://github.com/tj/luna.git,master,2439
PolarDB-for-PostgreSQL,https://github.com/ApsaraDB/PolarDB-for-PostgreSQL.git,master,2438
dpvs,https://github.com/iqiyi/dpvs.git,master,2436
geany,https://github.com/geany/geany.git,master,2432
acl,https://github.com/acl-dev/acl.git,master,2429
HomeKitADK,https://github.com/apple/HomeKitADK.git,master,2422
massdns,https://github.com/blechschmidt/massdns.git,master,2421
u-boot,https://github.com/u-boot/u-boot.git,master,2419
notcurses,https://github.com/dankamongmen/notcurses.git,master,2417
shairport,https://github.com/abrasive/shairport.git,master,2414
RMStore,https://github.com/robotmedia/RMStore.git,master,2414
