37465249,952,https://github.com/dequis/purple-facebook.git,purple-facebook
492054,955,https://github.com/vision5/ngx_devel_kit.git,ngx_devel_kit
2987213,955,https://github.com/stefanhafeneger/PushMeBaby.git,PushMeBaby
8283085,955,https://github.com/Nuand/bladeRF.git,bladeRF
7491267,957,https://github.com/kornelski/giflossy.git,giflossy
21041887,959,https://github.com/examplecode/mproxy.git,mproxy
5183008,962,https://github.com/bitly/dablooms.git,dablooms
113219787,962,https://github.com/maximkulkin/esp-homekit.git,esp-homekit
15648929,962,https://github.com/GrahamDumpleton/mod_wsgi.git,mod_wsgi
10034826,963,https://github.com/s-macke/SAM.git,SAM
32679628,963,https://github.com/achimdoebler/UGUI.git,UGUI
8180848,964,https://github.com/libimobiledevice/ideviceinstaller.git,ideviceinstaller
18684635,964,https://github.com/praat/praat.git,praat
211858553,964,https://github.com/raspberrypi/rpi-imager.git,rpi-imager
16624308,965,https://github.com/andybarry/flight.git,flight
14766320,965,https://github.com/hurley25/hurlex-doc.git,hurlex-doc
97553311,965,https://github.com/brannondorsey/naive-hashcat.git,naive-hashcat
49102698,966,https://github.com/facebook/transform360.git,transform360
416278604,966,https://github.com/cilium/pwru.git,pwru
8309253,967,https://github.com/tass-belgium/picotcp.git,picotcp
4246391,967,https://github.com/matsumotory/ngx_mruby.git,ngx_mruby
11199684,967,https://github.com/tgraf/bmon.git,bmon
91191972,967,https://github.com/contiki-ng/contiki-ng.git,contiki-ng
14466698,968,https://github.com/sbabic/swupdate.git,swupdate
31406703,968,https://github.com/Fazecast/jSerialComm.git,jSerialComm
296670766,969,https://github.com/hackerschoice/gsocket.git,gsocket
149680486,969,https://github.com/P403n1x87/austin.git,austin
970147,970,https://github.com/php-memcached-dev/php-memcached.git,php-memcached
298725179,970,https://github.com/glouw/ctl.git,ctl
8129257,972,https://github.com/networkupstools/nut.git,nut
131022823,973,https://github.com/ustcwpz/USTC-CS-Courses-Resource.git,USTC-CS-Courses-Resource
40922411,973,https://github.com/CTurt/PS4-SDK.git,PS4-SDK
80611216,973,https://github.com/open5gs/open5gs.git,open5gs
28688657,973,https://github.com/dibyendumajumdar/ravi.git,ravi
190275430,974,https://github.com/libusb/hidapi.git,hidapi
377220157,974,https://github.com/Yaxser/Backstab.git,Backstab
23097875,974,https://github.com/xiph/flac.git,flac
6631348,974,https://github.com/OverTheWireOrg/OverTheWire-website.git,OverTheWire-website
182032,975,https://github.com/uzbl/uzbl.git,uzbl
88668349,976,https://github.com/kokke/tiny-regex-c.git,tiny-regex-c
8014055,977,https://github.com/citusdata/postgresql-hll.git,postgresql-hll
25675279,978,https://github.com/ptt/pttbbs.git,pttbbs
25455830,979,https://github.com/keirf/flashfloppy.git,flashfloppy
15080851,980,https://github.com/nicklockwood/FastCoding.git,FastCoding
13347509,981,https://github.com/k0dai/density.git,density
16738734,982,https://github.com/tekknolagi/carp.git,carp
478826386,982,https://github.com/helloexp/0day.git,0day
12488811,982,https://github.com/spotify/sparkey.git,sparkey
127474402,982,https://github.com/MagicStack/immutables.git,immutables
467221382,983,https://github.com/Arinerron/CVE-2022-0847-DirtyPipe-Exploit.git,CVE-2022-0847-DirtyPipe-Exploit
89710200,983,https://github.com/m5stack/M5Stack.git,M5Stack
424577444,983,https://github.com/solo-io/bumblebee.git,bumblebee
14776505,985,https://github.com/martinmarinov/TempestSDR.git,TempestSDR
76130102,988,https://github.com/wilix-team/iohook.git,iohook
37039744,989,https://github.com/zedshaw/learn-c-the-hard-way-lectures.git,learn-c-the-hard-way-lectures
466680,989,https://github.com/FRiCKLE/ngx_cache_purge.git,ngx_cache_purge
21649110,990,https://github.com/ziutek/emgo.git,emgo
1983660,991,https://github.com/openocd-org/openocd.git,openocd
9087423,992,https://github.com/cisco/libsrtp.git,libsrtp
11924282,992,https://github.com/pepe2k/u-boot_mod.git,u-boot_mod
112059492,993,https://github.com/jarcode-foss/glava.git,glava
3225011,993,https://github.com/osxfuse/sshfs.git,sshfs
457052429,994,https://github.com/xerpi/vita2hos.git,vita2hos
161904619,994,https://github.com/yangyangwithgnu/bypass_disablefunc_via_LD_PRELOAD.git,bypass_disablefunc_via_LD_PRELOAD
1620904,995,https://github.com/bootchk/resynthesizer.git,resynthesizer
114120727,997,https://github.com/ARM-software/ML-KWS-for-MCU.git,ML-KWS-for-MCU
108566111,997,https://github.com/trustedsec/trevorc2.git,trevorc2
20648799,997,https://github.com/SELinuxProject/selinux.git,selinux
44173579,998,https://github.com/imoreapps/ffmpeg-avplayer-for-ios-tvos.git,ffmpeg-avplayer-for-ios-tvos
1326440,998,https://github.com/mkottman/AndroLua.git,AndroLua
1380748,998,https://github.com/ninia/jep.git,jep
509569204,999,https://github.com/citronneur/pamspy.git,pamspy
221101274,999,https://github.com/github/securitylab.git,securitylab
362586600,1000,https://github.com/jdah/jdh-8.git,jdh-8
70908474,1000,https://github.com/whitecatboard/Lua-RTOS-ESP32.git,Lua-RTOS-ESP32
54633811,1000,https://github.com/ring-lang/ring.git,ring
50997736,1000,https://github.com/zevv/bucklespring.git,bucklespring
16994340,1001,https://github.com/eulerto/wal2json.git,wal2json
228448213,1001,https://github.com/mkirchner/gc.git,gc
32760969,1002,https://github.com/kuba--/zip.git,zip
95681864,1002,https://github.com/mykter/afl-training.git,afl-training
220654381,1003,https://github.com/mohuihui/antispy.git,antispy
37988427,1003,https://github.com/cisco-system-traffic-generator/trex-core.git,trex-core
23792827,1003,https://github.com/miao1007/Openwrt-NetKeeper.git,Openwrt-NetKeeper
149418201,1003,https://github.com/hzqst/VmwareHardenedLoader.git,VmwareHardenedLoader
88288736,1005,https://github.com/lmatteis/torrent-net.git,torrent-net
107216551,1005,https://github.com/Moddable-OpenSource/moddable.git,moddable
139135252,1007,https://github.com/TheOfficialFloW/h-encore.git,h-encore
39714458,1007,https://github.com/orx/orx.git,orx
9957772,1007,https://github.com/OpenSIPS/opensips.git,opensips
31701703,1008,https://github.com/libssh2/libssh2.git,libssh2
181724380,1009,https://github.com/inspektor-gadget/inspektor-gadget.git,inspektor-gadget
83890107,1009,https://github.com/scottcgi/Mojoc.git,Mojoc
195199001,1009,https://github.com/0015/ThatProject.git,ThatProject
370679811,1009,https://github.com/aleksey-hoffman/sigma-file-manager.git,sigma-file-manager
211547440,1011,https://github.com/chineseocr/darknet-ocr.git,darknet-ocr
426733235,1011,https://github.com/helpsystems/nanodump.git,nanodump
108277489,1013,https://github.com/mborgerding/kissfft.git,kissfft
15238068,1014,https://github.com/pelya/android-keyboard-gadget.git,android-keyboard-gadget
5943856,1015,https://github.com/moretension/duti.git,duti
39191344,1015,https://github.com/planck-repl/planck.git,planck
95496457,1017,https://github.com/getdnsapi/stubby.git,stubby
10532458,1017,https://github.com/glyptodon/guacamole-server.git,guacamole-server
96713114,1017,https://github.com/RavenProject/Ravencoin.git,Ravencoin
18047592,1018,https://github.com/csound/csound.git,csound
368728111,1018,https://github.com/peng-zhihui/ESP32-PicoDK.git,ESP32-PicoDK
96756516,1018,https://github.com/zpl-c/librg.git,librg
42760177,1018,https://github.com/y123456yz/Reading-and-comprehense-linux-Kernel-network-protocol-stack.git,Reading-and-comprehense-linux-Kernel-network-protocol-stack
164020,1019,https://github.com/antirez/smaz.git,smaz
190380053,1020,https://github.com/ardera/flutter-pi.git,flutter-pi
304743,1020,https://github.com/gbdev/rgbds.git,rgbds
1239151,1022,https://github.com/cmatsuoka/figlet.git,figlet
221572133,1023,https://github.com/Mr-Un1k0d3r/SCShell.git,SCShell
22766694,1024,https://github.com/strazzere/android-unpacker.git,android-unpacker
1510809,1024,https://github.com/zeromq/libzmq.git,libzmq
107034926,1026,https://github.com/emmericp/ixy.git,ixy
73077215,1026,https://github.com/doonny/PipeCNN.git,PipeCNN
214378,1027,https://github.com/tmm1/perftools.rb.git,perftools.rb
517884928,1028,https://github.com/HVML/PurC.git,PurC
395684015,1029,https://github.com/FelixKratz/SketchyBar.git,SketchyBar
46439308,1029,https://github.com/vurtun/lib.git,lib
31442310,1031,https://github.com/seppo0010/rlite.git,rlite
13173974,1031,https://github.com/DIGImend/digimend-kernel-drivers.git,digimend-kernel-drivers
28956322,1032,https://github.com/pili-engineering/PLCameraStreamingKit.git,PLCameraStreamingKit
7248772,1032,https://github.com/a2o/snoopy.git,snoopy
12046312,1033,https://github.com/laruence/yaconf.git,yaconf
3405516,1034,https://github.com/haileys/jsos.git,jsos
17148260,1034,https://github.com/vergoh/vnstat.git,vnstat
189627391,1035,https://github.com/NVIDIA/Q2RTX.git,Q2RTX
149231271,1035,https://github.com/AllAlgorithms/c.git,c
23260311,1036,https://github.com/ansyun/dpdk-ans.git,dpdk-ans
197141607,1037,https://github.com/bigtreetech/BIGTREETECH-TouchScreenFirmware.git,BIGTREETECH-TouchScreenFirmware
410567459,1037,https://github.com/mytechnotalent/Hacking-Windows.git,Hacking-Windows
1496894,1037,https://github.com/netsniff-ng/netsniff-ng.git,netsniff-ng
266877886,1038,https://github.com/WayneD/rsync.git,rsync
47301041,1039,https://github.com/FALCONN-LIB/FALCONN.git,FALCONN
202980654,1039,https://github.com/agavrel/42_CheatSheet.git,42_CheatSheet
44061596,1041,https://github.com/erthink/libmdbx.git,libmdbx
192397590,1041,https://github.com/outflanknl/Dumpert.git,Dumpert
32944144,1041,https://github.com/btrask/stronglink.git,stronglink
7033798,1042,https://github.com/obdev/v-usb.git,v-usb
58388929,1042,https://github.com/toblum/McLighting.git,McLighting
346151,1043,https://github.com/tanakh/cmdline.git,cmdline
65514205,1043,https://github.com/open-quantum-safe/liboqs.git,liboqs
3813593,1044,https://github.com/lh3/seqtk.git,seqtk
30383208,1045,https://github.com/linux-nvme/nvme-cli.git,nvme-cli
1689443,1045,https://github.com/gittup/tup.git,tup
46592019,1045,https://github.com/hashcat/hashcat-utils.git,hashcat-utils
15262758,1046,https://github.com/mupen64plus/mupen64plus-core.git,mupen64plus-core
466575180,1046,https://github.com/lambertjamesd/portal64.git,portal64
132188670,1046,https://github.com/jkuhlmann/cgltf.git,cgltf
3182884,1047,https://github.com/libsndfile/libsndfile.git,libsndfile
54084,1049,https://github.com/rhomobile/rhodes.git,rhodes
36074217,1050,https://github.com/libvirt/libvirt.git,libvirt
103794142,1051,https://github.com/switchbrew/libnx.git,libnx
65394199,1051,https://github.com/avem-labs/Avem.git,Avem
18067526,1052,https://github.com/andreas-mausch/whatsapp-viewer.git,whatsapp-viewer
24528317,1052,https://github.com/tio/tio.git,tio
19921794,1053,https://github.com/sorah/envchain.git,envchain
318905,1053,https://github.com/openresty/echo-nginx-module.git,echo-nginx-module
3998822,1054,https://github.com/tj/mon.git,mon
110948420,1054,https://github.com/Meituan-Dianping/MyFlash.git,MyFlash
109575106,1055,https://github.com/atomvm/AtomVM.git,AtomVM
148779989,1055,https://github.com/pikvm/ustreamer.git,ustreamer
16664594,1057,https://github.com/baresip/baresip.git,baresip
32611857,1059,https://github.com/gdabah/distorm.git,distorm
227615179,1059,https://github.com/ProtonVPN/android-app.git,android-app
27522888,1060,https://github.com/citusdata/pg_shard.git,pg_shard
40992267,1061,https://github.com/Mange/rtl8192eu-linux-driver.git,rtl8192eu-linux-driver
127718181,1061,https://github.com/espressif/esp-adf.git,esp-adf
32435968,1061,https://github.com/grimfang4/sdl-gpu.git,sdl-gpu
46212152,1061,https://github.com/mattiasgustavsson/libs.git,libs
181022316,1063,https://github.com/unikraft/unikraft.git,unikraft
5185037,1063,https://github.com/Teaonly/android-eye.git,android-eye
32768091,1064,https://github.com/vonzhou/CSAPP.git,CSAPP
98690121,1064,https://github.com/node-on-mobile/node-on-android.git,node-on-android
157359627,1065,https://github.com/espressif/esp32-camera.git,esp32-camera
5053738,1066,https://github.com/cs50/libcs50.git,libcs50
3730414,1067,https://github.com/appunite/AndroidFFmpeg.git,AndroidFFmpeg
9421615,1070,https://github.com/OpenRC/openrc.git,openrc
20620986,1070,https://github.com/jmcnamara/libxlsxwriter.git,libxlsxwriter
8890645,1071,https://github.com/Xilinx/linux-xlnx.git,linux-xlnx
22868877,1073,https://github.com/traildb/traildb.git,traildb
47219360,1077,https://github.com/RoaringBitmap/CRoaring.git,CRoaring
18459138,1078,https://github.com/FascinatedBox/lily.git,lily
12306800,1079,https://github.com/JFreegman/toxic.git,toxic
253045857,1079,https://github.com/gbdk-2020/gbdk-2020.git,gbdk-2020
8962136,1081,https://github.com/galkahana/HummusJS.git,HummusJS
20585627,1081,https://github.com/adafruit/Adafruit_Python_DHT.git,Adafruit_Python_DHT
58895924,1083,https://github.com/christinaa/rpi-open-firmware.git,rpi-open-firmware
114815307,1083,https://github.com/teslamotors/linux.git,linux
145094499,1083,https://github.com/osandov/drgn.git,drgn
31077135,1086,https://github.com/rumpkernel/rumprun.git,rumprun
504149,1086,https://github.com/derf/feh.git,feh
31415638,1088,https://github.com/OpenVPN/openvpn-gui.git,openvpn-gui
127679677,1089,https://github.com/malxau/yori.git,yori
10067225,1090,https://github.com/OpenHMD/OpenHMD.git,OpenHMD
170444343,1090,https://github.com/DevonCrawford/Video-Editing-Automation.git,Video-Editing-Automation
9534968,1094,https://github.com/haywire/haywire.git,haywire
1033705,1094,https://github.com/angband/angband.git,angband
240946290,1095,https://github.com/Mixiaoxiao/Arduino-HomeKit-ESP8266.git,Arduino-HomeKit-ESP8266
28503528,1095,https://github.com/tuanpmt/esp_mqtt.git,esp_mqtt
38628224,1096,https://github.com/rdesktop/rdesktop.git,rdesktop
163221062,1097,https://github.com/metacall/core.git,core
48129848,1098,https://github.com/eclipse/paho.mqtt.embedded-c.git,paho.mqtt.embedded-c
51680092,1100,https://github.com/langhuihui/jessibuca.git,jessibuca
286048802,1100,https://github.com/ADD-SP/ngx_waf.git,ngx_waf
2793921,1100,https://github.com/saghul/pyuv.git,pyuv
228103273,1102,https://github.com/apache/incubator-nuttx.git,incubator-nuttx
4537276,1102,https://github.com/GNOME/gtk.git,gtk
80716356,1103,https://github.com/pi-hole/FTL.git,FTL
23065862,1105,https://github.com/pure-data/pure-data.git,pure-data
10304181,1106,https://github.com/posva/catimg.git,catimg
100921626,1106,https://github.com/chenyahui/AnnotatedCode.git,AnnotatedCode
19861102,1107,https://github.com/dariomanesku/cmftStudio.git,cmftStudio
337864647,1108,https://github.com/rbaron/b-parasite.git,b-parasite
18589213,1108,https://github.com/heterodb/pg-strom.git,pg-strom
7376186,1108,https://github.com/jbangert/trapcc.git,trapcc
37884073,1108,https://github.com/olikraus/u8glib.git,u8glib
64089592,1108,https://github.com/andrei-markeev/ts2c.git,ts2c
3709168,1108,https://github.com/gambit/gambit.git,gambit
128914841,1109,https://github.com/rosehgal/BinExp.git,BinExp
337221642,1109,https://github.com/antonioCoco/RemotePotato0.git,RemotePotato0
4019052,1110,https://github.com/mltframework/mlt.git,mlt
8751126,1111,https://github.com/atomicobject/heatshrink.git,heatshrink
94469442,1111,https://github.com/morganstanley/hobbes.git,hobbes
91241471,1113,https://github.com/feiskyer/sdn-handbook.git,sdn-handbook
15859828,1114,https://github.com/stefansundin/altdrag.git,altdrag
104516416,1115,https://github.com/litespeedtech/lsquic.git,lsquic
34973309,1116,https://github.com/USBhost/MX_FFmpeg.git,MX_FFmpeg
86138605,1116,https://github.com/shadow-1/yi-hack-v3.git,yi-hack-v3
15658042,1117,https://github.com/danielgtaylor/jpeg-archive.git,jpeg-archive
3391521,1117,https://github.com/dtrace4linux/linux.git,linux
3330745,1117,https://github.com/profanity-im/profanity.git,profanity
15204489,1118,https://github.com/Cyan4973/FiniteStateEntropy.git,FiniteStateEntropy
1060945,1119,https://github.com/adoxa/ansicon.git,ansicon
1416677,1120,https://github.com/yasm/yasm.git,yasm
237723526,1120,https://github.com/hfiref0x/KDU.git,KDU
14187797,1121,https://github.com/m0nad/Diamorphine.git,Diamorphine
7512322,1121,https://github.com/mirror/busybox.git,busybox
29211959,1122,https://github.com/gentilkiwi/kekeo.git,kekeo
212382045,1125,https://github.com/peng-zhihui/A-Eye.git,A-Eye
31281081,1125,https://github.com/microsoft/Windows-Driver-Frameworks.git,Windows-Driver-Frameworks
55260928,1126,https://github.com/LIJI32/SameBoy.git,SameBoy
178960356,1127,https://github.com/NVIDIA/open-gpu-doc.git,open-gpu-doc
85033083,1129,https://github.com/openzfsonwindows/ZFSin.git,ZFSin
19839044,1132,https://github.com/facebookarchive/fb-adb.git,fb-adb
152338895,1134,https://github.com/libbpf/libbpf.git,libbpf
8180474,1135,https://github.com/libimobiledevice/usbmuxd.git,usbmuxd
10093477,1137,https://github.com/conformal/spectrwm.git,spectrwm
138587856,1138,https://github.com/eycorsican/go-tun2socks.git,go-tun2socks
91923053,1139,https://github.com/samdenty/Wi-PWN.git,Wi-PWN
170221328,1139,https://github.com/krakjoe/parallel.git,parallel
3810840,1139,https://github.com/cepr/android-serialport-api.git,android-serialport-api
25165333,1140,https://github.com/zlib-ng/zlib-ng.git,zlib-ng
297789201,1140,https://github.com/vanhoefm/fragattacks.git,fragattacks
21735012,1146,https://github.com/libressl-portable/portable.git,portable
5092588,1147,https://github.com/eggert/tz.git,tz
3778418,1148,https://github.com/lanoxx/tilda.git,tilda
65327876,1149,https://github.com/flame/how-to-optimize-gemm.git,how-to-optimize-gemm
6248787,1150,https://github.com/kgabis/parson.git,parson
84754070,1151,https://github.com/spacehuhn/wifi_ducky.git,wifi_ducky
386660816,1153,https://github.com/michal-z/zig-gamedev.git,zig-gamedev
506164578,1154,https://github.com/GPUOpen-Effects/FidelityFX-FSR2.git,FidelityFX-FSR2
161603460,1154,https://github.com/yodaos-project/yodaos.git,yodaos
154540955,1155,https://github.com/cyd01/KiTTY.git,KiTTY
6812127,1155,https://github.com/alexfru/SmallerC.git,SmallerC
2014020,1156,https://github.com/samr7/vanitygen.git,vanitygen
19612729,1156,https://github.com/chentao0707/QrCodeScan.git,QrCodeScan
191266671,1157,https://github.com/algorand/go-algorand.git,go-algorand
479545,1158,https://github.com/tcurdt/iProxy.git,iProxy
40158752,1159,https://github.com/wb2osz/direwolf.git,direwolf
77414939,1161,https://github.com/armink/CmBacktrace.git,CmBacktrace
50113629,1161,https://github.com/codeplea/tinyexpr.git,tinyexpr
6340487,1161,https://github.com/haikarainen/light.git,light
10290602,1162,https://github.com/erich666/GraphicsGems.git,GraphicsGems
289329,1162,https://github.com/shoes/shoes-deprecated.git,shoes-deprecated
6509783,1163,https://github.com/nfs-ganesha/nfs-ganesha.git,nfs-ganesha
22584482,1164,https://github.com/monitoringartist/zabbix-docker-monitoring.git,zabbix-docker-monitoring
11835581,1165,https://github.com/armink/FreeModbus_Slave-Master-RTT-STM32.git,FreeModbus_Slave-Master-RTT-STM32
13143215,1166,https://github.com/ngs-lang/ngs.git,ngs
8876769,1167,https://github.com/mkj/dropbear.git,dropbear
91593042,1167,https://github.com/bloomberg/comdb2.git,comdb2
5423990,1169,https://github.com/mpenkov/ffmpeg-tutorial.git,ffmpeg-tutorial
4653998,1170,https://github.com/antirez/hping.git,hping
31194828,1171,https://github.com/hfiref0x/WinObjEx64.git,WinObjEx64
173287874,1172,https://github.com/brektrou/rtl8821CU.git,rtl8821CU
84742399,1174,https://github.com/Cybellum/DoubleAgent.git,DoubleAgent
16119670,1174,https://github.com/NagiosEnterprises/nagioscore.git,nagioscore
26473165,1175,https://github.com/free-audio/clap.git,clap
308092559,1183,https://github.com/Sysinternals/SysmonForLinux.git,SysmonForLinux
12633603,1183,https://github.com/solusipse/fiche.git,fiche
6628036,1183,https://github.com/fanglingsu/vimb.git,vimb
270692521,1185,https://github.com/zmkfirmware/zmk.git,zmk
50746813,1186,https://github.com/cnlohr/channel3.git,channel3
12601570,1187,https://github.com/abperiasamy/rtl8812AU_8821AU_linux.git,rtl8812AU_8821AU_linux
86155134,1187,https://github.com/DreamAndDead/CSAPP-3e-Solutions.git,CSAPP-3e-Solutions
48104657,1187,https://github.com/x64dbg/GleeBug.git,GleeBug
44444621,1189,https://github.com/Entware/Entware-ng.git,Entware-ng
115103308,1191,https://github.com/Ysurac/openmptcprouter.git,openmptcprouter
31344015,1191,https://github.com/mntmn/interim.git,interim
16266772,1191,https://github.com/SeasX/SeasLog.git,SeasLog
2435778,1192,https://github.com/miniupnp/miniupnp.git,miniupnp
49294674,1193,https://github.com/cisco/joy.git,joy
87475691,1193,https://github.com/DhavalKapil/heap-exploitation.git,heap-exploitation
37189021,1194,https://github.com/github/brubeck.git,brubeck
210182175,1195,https://github.com/cilynx/rtl88x2bu.git,rtl88x2bu
3423596,1196,https://github.com/json-parser/json-parser.git,json-parser
421918747,1198,https://github.com/h3xduck/TripleCross.git,TripleCross
1745628,1199,https://github.com/Visgean/Zeus.git,Zeus
34689810,1200,https://github.com/ms-iot/samples.git,samples
15132870,1200,https://github.com/joan2937/pigpio.git,pigpio
4537082,1200,https://github.com/GNOME/glib.git,glib
165205332,1201,https://github.com/riba2534/TCP-IP-NetworkNote.git,TCP-IP-NetworkNote
1253014,1203,https://github.com/lh3/bwa.git,bwa
3660697,1203,https://github.com/OLIMEX/OLINUXINO.git,OLINUXINO
116830129,1203,https://github.com/lieff/minimp3.git,minimp3
200155602,1203,https://github.com/guanshuicheng/invoice.git,invoice
64752052,1204,https://github.com/jonasmr/microprofile.git,microprofile
440436833,1204,https://github.com/baidu/dperf.git,dperf
354168451,1207,https://github.com/dekuNukem/bob_cassette_rewinder.git,bob_cassette_rewinder
11517239,1208,https://github.com/scanlime/fadecandy.git,fadecandy
46104921,1209,https://github.com/ele7enxxh/Android-Inline-Hook.git,Android-Inline-Hook
3500284,1209,https://github.com/kripken/box2d.js.git,box2d.js
79266540,1210,https://github.com/cr-marcstevens/sha1collisiondetection.git,sha1collisiondetection
32192995,1210,https://github.com/scanmem/scanmem.git,scanmem
14234034,1211,https://github.com/letoram/arcan.git,arcan
58688426,1212,https://github.com/ands/lightmapper.git,lightmapper
432844875,1212,https://github.com/orioledb/orioledb.git,orioledb
53845595,1212,https://github.com/vvaltchev/tilck.git,tilck
57401138,1213,https://github.com/bitnine-oss/agensgraph.git,agensgraph
12493642,1213,https://github.com/crmulliner/adbi.git,adbi
20193261,1214,https://github.com/OP-TEE/optee_os.git,optee_os
2860137,1214,https://github.com/mackstann/tinywm.git,tinywm
29000401,1215,https://github.com/brenns10/lsh.git,lsh
226783527,1216,https://github.com/rsms/markdown-wasm.git,markdown-wasm
14088804,1216,https://github.com/pwmt/zathura.git,zathura
251287681,1216,https://github.com/danigargu/CVE-2020-0796.git,CVE-2020-0796
55339682,1218,https://github.com/TinyCC/tinycc.git,tinycc
38737845,1218,https://github.com/cloudwu/mptun.git,mptun
448868245,1220,https://github.com/0voice/kernel_new_features.git,kernel_new_features
3419558,1220,https://github.com/armon/bloomd.git,bloomd
66739335,1221,https://github.com/TheOfficialFloW/VitaShell.git,VitaShell
475870202,1222,https://github.com/krisnova/boopkit.git,boopkit
28999132,1223,https://github.com/jbruchon/jdupes.git,jdupes
254994387,1224,https://github.com/djpohly/dwl.git,dwl
3670297,1225,https://github.com/juhovh/shairplay.git,shairplay
3961510,1228,https://github.com/rui314/minilisp.git,minilisp
253600944,1229,https://github.com/shiyanhui/libcsp.git,libcsp
18079703,1230,https://github.com/patjak/facetimehd.git,facetimehd
208364128,1231,https://github.com/google/XNNPACK.git,XNNPACK
32987989,1231,https://github.com/bluekitchen/btstack.git,btstack
523544748,1231,https://github.com/snesrev/zelda3.git,zelda3
124016486,1232,https://github.com/session-replay-tools/cetus.git,cetus
198488246,1236,https://github.com/apple/swift-crypto.git,swift-crypto
131110697,1241,https://github.com/hasura/skor.git,skor
16743039,1242,https://github.com/dynup/kpatch.git,kpatch
15231881,1242,https://github.com/mariadb-corporation/MaxScale.git,MaxScale
19956920,1242,https://github.com/trailofbits/ctf.git,ctf
53579202,1243,https://github.com/chobits/ngx_http_proxy_connect_module.git,ngx_http_proxy_connect_module
259576481,1246,https://github.com/itm4n/PrintSpoofer.git,PrintSpoofer
95304991,1249,https://github.com/FluidSynth/fluidsynth.git,fluidsynth
87490037,1251,https://github.com/commaai/panda.git,panda
190453050,1252,https://github.com/alephsecurity/xnu-qemu-arm64.git,xnu-qemu-arm64
35045238,1252,https://github.com/RRZE-HPC/likwid.git,likwid
2997880,1254,https://github.com/Bumblebee-Project/Bumblebee.git,Bumblebee
297071139,1255,https://github.com/haileys/doslinux.git,doslinux
65111942,1255,https://github.com/cnlohr/espusb.git,espusb
34274,1259,https://github.com/taf2/curb.git,curb
33135476,1260,https://github.com/SpenceKonde/ATTinyCore.git,ATTinyCore
894162,1261,https://github.com/illumos/illumos-gate.git,illumos-gate
37792242,1261,https://github.com/cyring/CoreFreq.git,CoreFreq
95147835,1265,https://github.com/RedisBloom/RedisBloom.git,RedisBloom
3666841,1266,https://github.com/samtools/samtools.git,samtools
18275203,1266,https://github.com/ChristopheJacquet/PiFmRds.git,PiFmRds
58574169,1266,https://github.com/Metabolix/HackBGRT.git,HackBGRT
61320918,1266,https://github.com/JKornev/hidden.git,hidden
2448559,1268,https://github.com/tjko/jpegoptim.git,jpegoptim
15615945,1268,https://github.com/c9s/Pux.git,Pux
32350744,1270,https://github.com/Stephane-D/SGDK.git,SGDK
61964127,1270,https://github.com/86Box/86Box.git,86Box
398482261,1271,https://github.com/nuvious/pam-duress.git,pam-duress
81673803,1272,https://github.com/ScanNet/ScanNet.git,ScanNet
220177733,1274,https://github.com/Tencent/TBase.git,TBase
3533348,1276,https://github.com/AcademySoftwareFoundation/openexr.git,openexr
33237663,1276,https://github.com/monero-project/monero-gui.git,monero-gui
88371341,1277,https://github.com/TheOfficialFloW/Adrenaline.git,Adrenaline
1567541,1280,https://github.com/danielwaterworth/Raphters.git,Raphters
51344685,1280,https://github.com/codeplea/genann.git,genann
424947551,1283,https://github.com/alibaba/xquic.git,xquic
20253182,1284,https://github.com/eclipse/mraa.git,mraa
119148271,1284,https://github.com/atar-axis/xpadneo.git,xpadneo
128580589,1287,https://github.com/adsr/phpspy.git,phpspy
2524933,1287,https://github.com/virtio-win/kvm-guest-drivers-windows.git,kvm-guest-drivers-windows
390802393,1288,https://github.com/tsherif/space-shooter.c.git,space-shooter.c
232006764,1288,https://github.com/Tencent/TencentOS-kernel.git,TencentOS-kernel
46630078,1289,https://github.com/glmcdona/Process-Dump.git,Process-Dump
862601,1290,https://github.com/kevinlawler/kona.git,kona
4975854,1291,https://github.com/pbatard/libwdi.git,libwdi
7098048,1294,https://github.com/Aorimn/dislocker.git,dislocker
43677244,1294,https://github.com/pret/pokeemerald.git,pokeemerald
99690601,1294,https://github.com/espressif/esp-iot-solution.git,esp-iot-solution
777011,1295,https://github.com/libtom/libtomcrypt.git,libtomcrypt
294470474,1296,https://github.com/bake-bake-bake/bakeware.git,bakeware
18772441,1297,https://github.com/arjun024/mkernel.git,mkernel
262091731,1297,https://github.com/sm64pc/sm64ex.git,sm64ex
70218212,1298,https://github.com/google/fuzzer-test-suite.git,fuzzer-test-suite
7412800,1298,https://github.com/twitter/fatcache.git,fatcache
33354099,1298,https://github.com/nfc-tools/libnfc.git,libnfc
70989832,1299,https://github.com/ps2homebrew/Open-PS2-Loader.git,Open-PS2-Loader
2970665,1299,https://github.com/projectNe10/Ne10.git,Ne10
50272879,1300,https://github.com/pjsip/pjproject.git,pjproject
283962671,1302,https://github.com/glouw/paperview.git,paperview
49589410,1302,https://github.com/DanBloomberg/leptonica.git,leptonica
128937968,1303,https://github.com/hmgle/graftcp.git,graftcp
162378023,1304,https://github.com/cx9208/bbrplus.git,bbrplus
78859695,1304,https://github.com/systemd/casync.git,casync
11692821,1305,https://github.com/pellepl/spiffs.git,spiffs
377698768,1306,https://github.com/cmuratori/refterm.git,refterm
97612481,1306,https://github.com/lh3/minimap2.git,minimap2
13816197,1307,https://github.com/Kode/Kha.git,Kha
51684698,1309,https://github.com/justinsteven/dostackbufferoverflowgood.git,dostackbufferoverflowgood
51833023,1310,https://github.com/xairy/kernel-exploits.git,kernel-exploits
35537367,1313,https://github.com/csujedihy/proximac.git,proximac
2881342,1315,https://github.com/klange/nyancat.git,nyancat
132245510,1315,https://github.com/master131/BlockTheSpot.git,BlockTheSpot
154821084,1315,https://github.com/espressif/esp-who.git,esp-who
103657132,1317,https://github.com/addy-dclxvi/almighty-dotfiles.git,almighty-dotfiles
207354223,1319,https://github.com/FreeRTOS/FreeRTOS-Kernel.git,FreeRTOS-Kernel
33784533,1319,https://github.com/asterisk/asterisk.git,asterisk
1781085,1322,https://github.com/mongrel2/mongrel2.git,mongrel2
415492224,1322,https://github.com/peng-zhihui/Peak.git,Peak
13334117,1322,https://github.com/henkman/virgo.git,virgo
145789814,1324,https://github.com/odzhan/injection.git,injection
1068018,1325,https://github.com/paparazzi/paparazzi.git,paparazzi
122817843,1325,https://github.com/ZerBea/hcxdumptool.git,hcxdumptool
394877197,1327,https://github.com/bytedance/bhook.git,bhook
1618395,1328,https://github.com/bdamele/icmpsh.git,icmpsh
10151943,1328,https://github.com/go-gl/glfw.git,glfw
241844430,1330,https://github.com/blinker-iot/blinker-nRF52.git,blinker-nRF52
196362588,1332,https://github.com/zrythm/zrythm.git,zrythm
29187878,1332,https://github.com/pangweiwei/slua.git,slua
18418533,1335,https://github.com/rapid7/metasploit-payloads.git,metasploit-payloads
4514957,1335,https://github.com/DNSPod/dnspod-sr.git,dnspod-sr
54457888,1336,https://github.com/evanw/thinscript.git,thinscript
6427744,1336,https://github.com/Softmotions/ejdb.git,ejdb
196334,1338,https://github.com/protocolbuffers/upb.git,upb
50505775,1338,https://github.com/moosefs/moosefs.git,moosefs
107487278,1340,https://github.com/SoftEtherVPN/SoftEtherVPN_Stable.git,SoftEtherVPN_Stable
2180048,1343,https://github.com/EnterpriseDB/repmgr.git,repmgr
91994904,1344,https://github.com/amethyst/rlua.git,rlua
147253230,1345,https://github.com/SinaKarvandi/Hypervisor-From-Scratch.git,Hypervisor-From-Scratch
387242135,1345,https://github.com/topotam/PetitPotam.git,PetitPotam
33315835,1345,https://github.com/wiire-a/pixiewps.git,pixiewps
204112839,1345,https://github.com/blinker-iot/blinker-esp-idf.git,blinker-esp-idf
281637859,1352,https://github.com/phra/PEzor.git,PEzor
22581432,1353,https://github.com/rxi/dyad.git,dyad
53174933,1353,https://github.com/google/boringssl.git,boringssl
17778869,1354,https://github.com/alexdobin/STAR.git,STAR
220497210,1356,https://github.com/sqfmi/Watchy.git,Watchy
121500241,1356,https://github.com/tomaspinho/rtl8821ce.git,rtl8821ce
40075370,1356,https://github.com/cbsheng/tinyhttpd.git,tinyhttpd
4322749,1356,https://github.com/buserror/simavr.git,simavr
13346990,1359,https://github.com/memononen/nanosvg.git,nanosvg
15176507,1359,https://github.com/cesanta/v7.git,v7
8243254,1360,https://github.com/koush/Superuser.git,Superuser
14313288,1362,https://github.com/pgbackrest/pgbackrest.git,pgbackrest
96269,1363,https://github.com/libharu/libharu.git,libharu
472495,1364,https://github.com/nmathewson/libevent_obsolete.git,libevent_obsolete
12412122,1365,https://github.com/stevengj/nlopt.git,nlopt
22401106,1365,https://github.com/tyilo/insert_dylib.git,insert_dylib
349848460,1365,https://github.com/FastVM/minivm.git,minivm
3138586,1366,https://github.com/silentbicycle/greatest.git,greatest
42948633,1369,https://github.com/signalapp/libsignal-protocol-c.git,libsignal-protocol-c
141283339,1369,https://github.com/BlindMindStudios/StarRuler2-Source.git,StarRuler2-Source
15237541,1369,https://github.com/DeaDBeeF-Player/deadbeef.git,deadbeef
26095474,1370,https://github.com/9fans/plan9port.git,plan9port
94931170,1371,https://github.com/NoiseByNorthwest/php-spx.git,php-spx
317493442,1373,https://github.com/ptitSeb/box64.git,box64
161053237,1373,https://github.com/OpenHD/Open.HD.git,Open.HD
312430210,1374,https://github.com/sabrogden/Ditto.git,Ditto
91209976,1374,https://github.com/diracdeltas/FastestWebsiteEver.git,FastestWebsiteEver
161623026,1377,https://github.com/destan19/OpenAppFilter.git,OpenAppFilter
15691240,1377,https://github.com/moonlight-stream/moonlight-embedded.git,moonlight-embedded
77235283,1378,https://github.com/soramimi/Guitar.git,Guitar
65415224,1378,https://github.com/elfmz/far2l.git,far2l
24292801,1378,https://github.com/X0rg/CPU-X.git,CPU-X
99721074,1378,https://github.com/akermu/emacs-libvterm.git,emacs-libvterm
27571466,1379,https://github.com/gurnec/HashCheck.git,HashCheck
29804085,1379,https://github.com/commonmark/cmark.git,cmark
129115663,1381,https://github.com/iPlug2/iPlug2.git,iPlug2
24379459,1384,https://github.com/504ensicsLabs/LiME.git,LiME
336730906,1384,https://github.com/ThakeeNathees/pocketlang.git,pocketlang
16143904,1392,https://github.com/flame/blis.git,blis
25676773,1395,https://github.com/rsta2/circle.git,circle
11425189,1395,https://github.com/jarikomppa/soloud.git,soloud
63755042,1397,https://github.com/Novum/vkQuake.git,vkQuake
