Repository Name,Repository URL,Default Branch,Star Count,Description,Update_date
HarmonyOS,https://github.com/Awesome-HarmonyOS/HarmonyOS,master,18900,A curated list of awesome things related to HarmonyOS. åä¸ºé¸¿è’™æ“ä½œç³»ç»Ÿã€‚,2023-11-22T09:15:11Z
Tasmota,https://github.com/arendst/Tasmota,development,20601,"Alternative firmware for ESP8266 and ESP32 based devices with easy configuration using webUI, OTA updates, automation using timers or rules, expandability and entirely local control over MQTT, HTTP, Serial or KNX. Full documentation at",2023-11-22T05:15:27Z
zstd,https://github.com/facebook/zstd,dev,21234,Zstandard - Fast real-time compression algorithm,2023-11-22T09:20:00Z
nginx,https://github.com/nginx/nginx,master,19357,"An official read-only mirror of http://hg.nginx.org/nginx/ which is updated hourly. Pull requests on GitHub cannot be accepted and will be automatically closed. The proper way to submit changes to nginx is via the nginx development mailing list, see http://nginx.org/en/docs/contributing_changes.html",2023-11-22T09:22:46Z
radare2,https://github.com/radareorg/radare2,master,18871,UNIX-like reverse engineering framework and command-line toolset,2023-11-22T01:22:40Z
mimikatz,https://github.com/gentilkiwi/mimikatz,master,18048,A little tool to play with Windows security,2023-11-22T08:48:35Z
hashcat,https://github.com/hashcat/hashcat,master,18703,World's fastest and most advanced password recovery utility,2023-11-22T09:30:29Z
bcc,https://github.com/iovisor/bcc,master,18393,"BCC - Tools for BPF-based Linux IO analysis, networking, monitoring, and more",2023-11-22T09:42:20Z
micropython,https://github.com/micropython/micropython,master,17506,MicroPython - a lean and efficient Python implementation for microcontrollers and constrained systems,2023-11-22T10:20:42Z
goaccess,https://github.com/allinurl/goaccess,master,16869,GoAccess is a real-time web log analyzer and interactive viewer that runs in a terminal in *nix systems or through your browser.,2023-11-22T06:39:41Z
nnn,https://github.com/jarun/nnn,master,17354,nÂ³ The unorthodox terminal file manager,2023-11-22T08:28:53Z
C,https://github.com/TheAlgorithms/C,master,17259,"Collection of various algorithms in mathematics, machine learning, computer science, physics, etc implemented in C for educational purposes.",2023-11-22T09:59:33Z
timescaledb,https://github.com/timescale/timescaledb,main,15807,An open-source time-series SQL database optimized for fast ingest and complex queries.  Packaged as a PostgreSQL extension.,2023-11-22T09:28:22Z
qmk_firmware,https://github.com/qmk/qmk_firmware,master,16177,Open-source keyboard firmware for Atmel AVR and Arm USB families,2023-11-22T10:39:14Z
nuklear,https://github.com/vurtun/nuklear,master,13587,A single-header ANSI C gui library,2023-11-21T06:44:31Z
Mailspring,https://github.com/Foundry376/Mailspring,master,14632,":love_letter: A beautiful, fast and fully open source mail client for Mac, Windows and Linux.",2023-11-22T10:08:40Z
yabai,https://github.com/koekeishiya/yabai,master,18862,A tiling window manager for macOS based on binary space partitioning,2023-11-22T03:25:17Z
openwrt,https://github.com/openwrt/openwrt,main,16745,This repository is a mirror of https://git.openwrt.org/openwrt/openwrt.git It is for reference only and is not active for check-ins.  We will continue to accept Pull Requests here. They will be merged via staging trees then into openwrt.git.,2023-11-22T06:21:55Z
ish,https://github.com/ish-app/ish,master,15121,Linux shell for iOS,2023-11-22T10:19:16Z
open-gpu-kernel-modules,https://github.com/NVIDIA/open-gpu-kernel-modules,main,13495,NVIDIA Linux open GPU kernel module source,2023-11-22T09:48:28Z
memcached,https://github.com/memcached/memcached,master,12887,memcached development tree,2023-11-20T18:11:01Z
nginx-rtmp-module,https://github.com/arut/nginx-rtmp-module,master,12882,NGINX-based Media Streaming Server,2023-11-22T10:32:11Z
kcp,https://github.com/skywind3000/kcp,master,13847,:zap: KCP - A Fast and Reliable ARQ Protocol,2023-11-21T17:37:14Z
raspberry-pi-os,https://github.com/s-matyukevich/raspberry-pi-os,master,12577,Learning operating system development using Linux kernel and Raspberry Pi,2023-11-22T07:59:07Z
tengine,https://github.com/alibaba/tengine,master,12364,A distribution of Nginx with some advanced features,2023-11-22T08:55:27Z
twemproxy,https://github.com/twitter/twemproxy,master,11932,"A fast, light-weight proxy for memcached and redis",2023-11-22T01:37:17Z
reactos,https://github.com/reactos/reactos,master,13447,A free Windows-compatible Operating System,2023-11-22T09:02:01Z
skynet,https://github.com/cloudwu/skynet,master,12326,A lightweight online game framework,2023-11-22T10:02:56Z
brotli,https://github.com/google/brotli,master,12694,Brotli compression format,2023-11-22T09:09:40Z
robotjs,https://github.com/octalmage/robotjs,master,11932,Node.js Desktop Automation. ,2023-11-20T15:34:06Z
tig,https://github.com/jonas/tig,master,11900,Text-mode interface for git,2023-11-21T13:47:40Z
sway,https://github.com/swaywm/sway,master,13034,i3-compatible Wayland compositor,2023-11-22T07:55:38Z
blurhash,https://github.com/woltapp/blurhash,master,14535,A very compact representation of a placeholder for an image.,2023-11-22T05:56:30Z
postgres,https://github.com/postgres/postgres,master,13592,"Mirror of the official PostgreSQL GIT repository. Note that this is just a *mirror* - we don't work with pull requests on github. To contribute, please see https://wiki.postgresql.org/wiki/Submitting_a_Patch",2023-11-22T10:07:49Z
HandBrake,https://github.com/HandBrake/HandBrake,master,14281,HandBrake's main development repository ,2023-11-22T10:12:43Z
openresty,https://github.com/openresty/openresty,master,11753,High Performance Web Platform Based on Nginx and LuaJIT,2023-11-22T07:46:07Z
raylib,https://github.com/raysan5/raylib,master,16224,A simple and easy-to-use library to enjoy videogames programming,2023-11-22T05:57:46Z
esp8266_deauther,https://github.com/SpacehuhnTech/esp8266_deauther,v2,12362,Affordable WiFi hacking platform for testing and learning,2023-11-22T05:53:33Z
webview,https://github.com/webview/webview,master,11632,Tiny cross-platform webview library for C/C++. Uses WebKit (GTK/Cocoa) and Edge WebView2 (Windows).,2023-11-22T09:02:22Z
lvgl,https://github.com/lvgl/lvgl,master,13676,"Embedded graphics library to create beautiful UIs for any MCU, MPU and display type. It's boosted by a professional yet affordable drag and drop UI editor, called SquareLine Studio.",2023-11-22T08:57:39Z
libsodium,https://github.com/jedisct1/libsodium,master,11596,"A modern, portable, easy to use crypto library.",2023-11-22T10:44:52Z
libui,https://github.com/andlabs/libui,master,10552,Simple and portable (but not inflexible) GUI library in C that uses the native GUI technologies of each platform it supports.,2023-11-19T23:46:02Z
lua-nginx-module,https://github.com/openresty/lua-nginx-module,master,10903,Embed the Power of Lua into NGINX HTTP servers,2023-11-22T08:57:52Z
darwin-xnu,https://github.com/apple/darwin-xnu,main,10810,Legacy mirror of Darwin Kernel. Replaced by https://github.com/apple-oss-distributions/xnu,2023-11-21T19:22:53Z
OpenCorePkg,https://github.com/acidanthera/OpenCorePkg,master,12233,OpenCore bootloader,2023-11-22T07:12:01Z
systemd,https://github.com/systemd/systemd,main,11756,The systemd System and Service Manager ,2023-11-22T08:07:36Z
h2o,https://github.com/h2o/h2o,master,10562,"H2O - the optimized HTTP/1, HTTP/2, HTTP/3 server",2023-11-22T07:27:50Z
seafile,https://github.com/haiwen/seafile,master,11141,"High performance file syncing and sharing, with also Markdown WYSIWYG editing, Wiki, file label and other knowledge management features.",2023-11-22T08:39:42Z
rofi,https://github.com/davatorium/rofi,next,11778,"Rofi: A window switcher, application launcher and dmenu replacement",2023-11-22T03:48:08Z
glfw,https://github.com/glfw/glfw,master,11415,"A multi-platform library for OpenGL, OpenGL ES, Vulkan, window and input",2023-11-22T08:36:29Z
vlc,https://github.com/videolan/vlc,master,11992,"VLC media player - All pull requests are ignored, please follow https://wiki.videolan.org/Sending_Patches_VLC/",2023-11-22T08:27:27Z
WindTerm,https://github.com/kingToolbox/WindTerm,master,17548,A professional cross-platform SSH/Sftp/Shell/Telnet/Serial terminal.,2023-11-22T09:13:41Z
BlackHole,https://github.com/ExistentialAudio/BlackHole,master,12315,BlackHole is a modern macOS audio loopback driver that allows applications to pass audio to other applications with zero additional latency.,2023-11-22T10:02:47Z
wcdb,https://github.com/Tencent/wcdb,master,9835,WCDB is a cross-platform database framework developed by WeChat.,2023-11-21T16:28:07Z
arduino-esp32,https://github.com/espressif/arduino-esp32,master,11621,Arduino core for the ESP32,2023-11-22T07:41:09Z
phpredis,https://github.com/phpredis/phpredis,develop,9788,A PHP extension for Redis,2023-11-18T20:43:53Z
Craft,https://github.com/fogleman/Craft,master,10012,A simple Minecraft clone written in C using modern OpenGL (shaders).,2023-11-22T08:44:20Z
cosmopolitan,https://github.com/jart/cosmopolitan,master,12640,build-once run-anywhere c library,2023-11-22T10:43:16Z
SoftEtherVPN,https://github.com/SoftEtherVPN/SoftEtherVPN,master,10620,Cross-platform multi-protocol VPN software. Pull requests are welcome. The stable version is available at https://github.com/SoftEtherVPN/SoftEtherVPN_Stable.,2023-11-22T09:04:07Z
linux,https://github.com/raspberrypi/linux,rpi-6.1.y,10211,Kernel source tree for Raspberry Pi-provided kernel builds. Issues unrelated to the linux kernel should be posted on the community forum at https://forums.raspberrypi.com/,2023-11-22T07:12:38Z
esp-idf,https://github.com/espressif/esp-idf,master,11544,Espressif IoT Development Framework. Official development framework for Espressif SoCs.,2023-11-22T08:08:52Z
darling,https://github.com/darlinghq/darling,master,10217,Darwin/macOS emulation layer for Linux,2023-11-22T10:15:18Z
libevent,https://github.com/libevent/libevent,master,10325,Event notification library,2023-11-22T08:35:39Z
DOOM,https://github.com/id-Software/DOOM,master,11309,DOOM Open Source Release,2023-11-22T09:03:52Z
redis-3.0-annotated,https://github.com/huangz1990/redis-3.0-annotated,unstable,9719,å¸¦æœ‰è¯¦ç»†æ³¨é‡Šçš„ Redis 3.0 ä»£ç ï¼ˆannotated Redis 3.0 source codeï¼‰ã€‚,2023-11-22T07:37:58Z
Tinyhttpd,https://github.com/EZLippi/Tinyhttpd,master,10597,Tinyhttpd æ˜¯J. David Blackstoneåœ¨1999å¹´å†™çš„ä¸€ä¸ªä¸åˆ° 500 è¡Œçš„è¶…è½»é‡å‹ Http Serverï¼Œç”¨æ¥å­¦ä¹ éå¸¸ä¸é”™ï¼Œå¯ä»¥å¸®åŠ©æˆ‘ä»¬çœŸæ­£ç†è§£æœåŠ¡å™¨ç¨‹åºçš„æœ¬è´¨ã€‚å®˜ç½‘:http://tinyhttpd.sourceforge.net,2023-11-22T08:29:06Z
sumatrapdf,https://github.com/sumatrapdfreader/sumatrapdf,master,11738,SumatraPDF reader,2023-11-22T09:57:54Z
mongoose,https://github.com/cesanta/mongoose,master,10032,Embedded Web Server,2023-11-21T15:59:55Z
ExplorerPatcher,https://github.com/valinet/ExplorerPatcher,master,17472,This project aims to enhance the working environment on Windows,2023-11-22T10:40:38Z
sanitizers,https://github.com/google/sanitizers,master,10257,"AddressSanitizer, ThreadSanitizer, MemorySanitizer",2023-11-22T06:31:32Z
torch7,https://github.com/torch/torch7,master,8885,http://torch.ch,2023-11-21T01:20:09Z
libgit2,https://github.com/libgit2/libgit2,main,9216,"A cross-platform, linkable library implementation of Git that you can use in your application.",2023-11-21T10:56:03Z
toxcore,https://github.com/irungentoo/toxcore,master,8722,The future of online communications.,2023-11-18T07:45:43Z
japronto,https://github.com/squeaky-pl/japronto,master,8627, Screaming-fast Python 3.5+ HTTP toolkit integrated with pipelining HTTP server based on uvloop and picohttpparser.,2023-11-20T13:00:41Z
Dummy-Robot,https://github.com/peng-zhihui/Dummy-Robot,main,10488,æˆ‘çš„è¶…è¿·ä½ æœºæ¢°è‡‚æœºå™¨äººé¡¹ç›®ã€‚,2023-11-22T08:01:04Z
coturn,https://github.com/coturn/coturn,master,9871,coturn TURN server project,2023-11-22T08:19:14Z
audacity,https://github.com/audacity/audacity,master,10473,Audio Editor                                     ,2023-11-22T07:47:44Z
Sandboxie,https://github.com/sandboxie-plus/Sandboxie,master,10959,Sandboxie Plus & Classic,2023-11-22T06:20:30Z
proxychains-ng,https://github.com/rofl0r/proxychains-ng,master,9100,"proxychains ng (new generation) - a preloader which hooks calls to sockets in dynamically linked programs and redirects it through one or more socks/http proxies. continuation of the unmaintained proxychains project. the sf.net page is currently not updated, use releases from github release page instead.",2023-11-22T10:01:51Z
fastdfs,https://github.com/happyfish100/fastdfs,master,8738,"FastDFS is an open source high performance distributed file system (DFS). It's major functions include: file storing, file syncing and file accessing, and design for high capacity and load balance. Wechat/Weixin public account (Chinese Language): fastdfs",2023-11-21T09:41:38Z
react-native-code-push,https://github.com/microsoft/react-native-code-push,master,8660,React Native module for CodePush,2023-11-22T06:45:27Z
zfs,https://github.com/openzfs/zfs,master,9722,OpenZFS on Linux and FreeBSD,2023-11-22T08:47:46Z
ffmpeg-libav-tutorial,https://github.com/leandromoreira/ffmpeg-libav-tutorial,master,9188,"FFmpeg libav tutorial - learn how media works from basic to transmuxing, transcoding and more. Translations: ğŸ‡ºğŸ‡¸ ğŸ‡¨ğŸ‡³ ğŸ‡°ğŸ‡· ğŸ‡ªğŸ‡¸ ğŸ‡»ğŸ‡³ ğŸ‡§ğŸ‡·",2023-11-22T02:27:00Z
cJSON,https://github.com/DaveGamble/cJSON,master,9452,Ultralightweight JSON parser in ANSI C,2023-11-22T08:28:34Z
systeminformer,https://github.com/winsiderss/systeminformer,master,9621,"A free, powerful, multi-purpose tool that helps you monitor system resources, debug software and detect malware. Brought to you by Winsider Seminars & Solutions, Inc. @ http://www.windows-internals.com",2023-11-22T07:04:27Z
GoodbyeDPI,https://github.com/ValdikSS/GoodbyeDPI,master,9615,GoodbyeDPI â€” Deep Packet Inspection circumvention utility (for Windows),2023-11-22T05:37:31Z
lz4,https://github.com/lz4/lz4,dev,8754,Extremely Fast Compression algorithm,2023-11-22T08:05:06Z
BGAQRCode-Android,https://github.com/bingoogolapple/BGAQRCode-Android,master,7834,QRCode æ‰«æäºŒç»´ç ã€æ‰«ææ¡å½¢ç ã€ç›¸å†Œè·å–å›¾ç‰‡åè¯†åˆ«ã€ç”Ÿæˆå¸¦ Logo äºŒç»´ç ã€æ”¯æŒå¾®åšå¾®ä¿¡ QQ äºŒç»´ç æ‰«ææ ·å¼,2023-11-21T06:31:21Z
openvpn,https://github.com/OpenVPN/openvpn,master,9306,OpenVPN  is  an open source VPN daemon,2023-11-22T08:38:20Z
i3,https://github.com/i3/i3,next,8682,A tiling window manager for X11,2023-11-22T01:07:47Z
exploitdb,https://github.com/offensive-security/exploitdb,master,7652,The legacy Exploit Database repository - New repo located at https://gitlab.com/exploit-database/exploitdb,2023-11-21T20:54:48Z
Mirai-Source-Code,https://github.com/jgamblin/Mirai-Source-Code,master,8096,Leaked Mirai Source Code for Research/IoC Development Purposes,2023-11-22T10:26:16Z
rt-thread,https://github.com/RT-Thread/rt-thread,master,8978,RT-Thread is an open source IoT real-time operating system (RTOS).,2023-11-22T01:57:13Z
AppImageKit,https://github.com/AppImage/AppImageKit,master,8211,"Package desktop applications as AppImages that run on common Linux-based operating systems, such as RHEL, CentOS, openSUSE, SLED, Ubuntu, Fedora, debian and derivatives. Join #AppImage on irc.libera.chat",2023-11-22T06:03:49Z
jemalloc,https://github.com/jemalloc/jemalloc,dev,8562,,2023-11-22T06:21:43Z
FreeRDP,https://github.com/FreeRDP/FreeRDP,master,9355,FreeRDP is a free remote desktop protocol library and clients,2023-11-22T08:37:30Z
citus,https://github.com/citusdata/citus,main,9160,Distributed PostgreSQL as an extension,2023-11-22T04:43:22Z
db_tutorial,https://github.com/cstack/db_tutorial,master,8909,Writing a sqlite clone from scratch in C,2023-11-21T22:38:16Z
Reverse-Engineering,https://github.com/mytechnotalent/Reverse-Engineering,main,9342,"A FREE comprehensive reverse engineering tutorial covering x86, x64, 32-bit ARM & 64-bit ARM architectures.",2023-11-22T01:51:31Z
cockpit,https://github.com/cockpit-project/cockpit,main,9516,Cockpit is a web-based graphical interface for servers.,2023-11-22T10:00:05Z
mimalloc,https://github.com/microsoft/mimalloc,master,8773,mimalloc is a compact general purpose allocator with excellent performance.,2023-11-22T08:18:16Z
libvips,https://github.com/libvips/libvips,master,8518,A fast image processing library with low memory needs.,2023-11-22T09:41:48Z
xmrig,https://github.com/xmrig/xmrig,master,7894,"RandomX, KawPow, CryptoNight and GhostRider unified CPU/GPU miner and RandomX benchmark",2023-11-22T08:18:41Z
nodemcu-firmware,https://github.com/nodemcu/nodemcu-firmware,release,7481,"Lua based interactive firmware for ESP8266, ESP8285 and ESP32",2023-11-21T19:25:19Z
yugabyte-db,https://github.com/yugabyte/yugabyte-db,master,8194,YugabyteDB - the cloud native distributed SQL database for mission-critical applications.,2023-11-22T10:02:46Z
RetroArch,https://github.com/libretro/RetroArch,master,8585,"Cross-platform, sophisticated frontend for the libretro API. Licensed GPLv3.",2023-11-22T02:42:27Z
darktable,https://github.com/darktable-org/darktable,master,8049,darktable is an open source photography workflow application and raw developer,2023-11-22T05:14:18Z
TheFatRat,https://github.com/screetsec/TheFatRat,master,8468,"Thefatrat a massive exploiting tool : Easy tool to generate backdoor and easy tool to post exploitation attack like browser attack and etc . This tool compiles a malware with popular payload and then the compiled malware can be execute on windows, android, mac . The malware that created with this tool also have an ability to bypass most AV software protection .",2023-11-22T07:27:37Z
nmap,https://github.com/nmap/nmap,master,8544,Nmap - the Network Mapper. Github mirror of official SVN repository.,2023-11-21T10:49:17Z
Learn-Algorithms,https://github.com/nonstriater/Learn-Algorithms,master,7738,ç®—æ³•å­¦ä¹ ç¬”è®°,2023-11-22T08:39:01Z
acwj,https://github.com/DoctorWkt/acwj,master,8991,A Compiler Writing Journey,2023-11-22T08:31:45Z
gcc,https://github.com/gcc-mirror/gcc,master,8259,,2023-11-22T06:30:25Z
ccv,https://github.com/liuliu/ccv,unstable,7010,"C-based/Cached/Core Computer Vision Library, A Modern Computer Vision Library",2023-11-19T06:24:59Z
john,https://github.com/openwall/john,bleeding-jumbo,8518,"John the Ripper jumbo - advanced offline password cracker, which supports hundreds of hash and cipher types, and runs on many operating systems, CPUs, GPUs, and even some FPGAs",2023-11-22T09:18:20Z
qemu,https://github.com/qemu/qemu,master,8597,Official QEMU mirror. Please see https://www.qemu.org/contribute/ for how to submit changes to QEMU. Pull Requests are ignored. Please only use release tarballs from the QEMU website.,2023-11-22T08:53:06Z
blender,https://github.com/blender/blender,main,10118,Official mirror of Blender,2023-11-22T10:22:47Z
zephyr,https://github.com/zephyrproject-rtos/zephyr,main,8707,"Primary Git Repository for the Zephyr Project. Zephyr is a new generation, scalable, optimized, secure RTOS for multiple hardware architectures.",2023-11-22T07:56:07Z
janus-gateway,https://github.com/meetecho/janus-gateway,master,7497,Janus WebRTC Server,2023-11-22T07:13:07Z
catboost,https://github.com/catboost/catboost,master,7466,"A fast, scalable, high performance Gradient Boosting on Decision Trees library, used for ranking, classification, regression and other machine learning tasks for Python, R, Java, C++. Supports computation on CPU and GPU.",2023-11-22T08:13:26Z
lab,https://github.com/deepmind/lab,master,6938,A customisable 3D platform for agent-based AI research,2023-11-21T01:18:57Z
thc-hydra,https://github.com/vanhauser-thc/thc-hydra,master,8399,hydra,2023-11-22T09:11:54Z
windows-kernel-exploits,https://github.com/SecWiki/windows-kernel-exploits,master,7574,windows-kernel-exploits   Windowså¹³å°ææƒæ¼æ´é›†åˆ,2023-11-22T08:24:27Z
L-ink_Card,https://github.com/peng-zhihui/L-ink_Card,master,7111,Smart NFC & ink-Display Card,2023-11-22T06:31:47Z
vlmcsd,https://github.com/Wind4/vlmcsd,master,7687,"KMS Emulator in C (currently runs on Linux including Android, FreeBSD, Solaris, Minix, Mac OS, iOS, Windows with or without Cygwin)",2023-11-22T10:00:55Z
mosquitto,https://github.com/eclipse/mosquitto,master,7899,Eclipse Mosquitto - An open source MQTT broker,2023-11-22T09:46:01Z
xxHash,https://github.com/Cyan4973/xxHash,dev,7920,Extremely fast non-cryptographic hash algorithm,2023-11-22T01:24:52Z
Undecimus,https://github.com/pwn20wndstuff/Undecimus,master,6666,unc0ver jailbreak for iOS 11.0 - 12.4,2023-11-21T14:38:49Z
freebsd-src,https://github.com/freebsd/freebsd-src,main,7185,The FreeBSD src tree publish-only repository. Experimenting with 'simple' pull requests....,2023-11-22T04:36:37Z
gb-studio,https://github.com/chrismaltby/gb-studio,develop,7593,A quick and easy to use drag and drop retro game creator for your favourite handheld video game system,2023-11-21T16:14:14Z
bspwm,https://github.com/baskerville/bspwm,master,7286,A tiling window manager based on binary space partitioning,2023-11-22T06:21:13Z
mac-precision-touchpad,https://github.com/imbushuo/mac-precision-touchpad,master,7996,Windows Precision Touchpad Driver Implementation for Apple MacBook / Magic Trackpad,2023-11-22T03:52:08Z
ponyc,https://github.com/ponylang/ponyc,main,5507,"Pony is an open-source, actor-model, capabilities-secure, high performance programming language",2023-11-21T21:40:43Z
ZipArchive,https://github.com/ZipArchive/ZipArchive,main,5309,"ZipArchive is a simple utility class for zipping and unzipping files on iOS, macOS and tvOS.",2023-11-21T04:20:59Z
GameNetworkingResources,https://github.com/ThusSpokeNomad/GameNetworkingResources,master,6293,A Curated List of Game Network Programming Resources,2023-11-22T05:08:17Z
wazuh,https://github.com/wazuh/wazuh,master,7656,Wazuh - The Open Source Security Platform. Unified XDR and SIEM protection for endpoints and cloud workloads.,2023-11-22T08:54:46Z
HDMI-PI,https://github.com/peng-zhihui/HDMI-PI,main,5438,æˆ‘è®¾è®¡çš„ä¸€ä¸ªHDMIè½¬MIPIæ¨¡å—ï¼Œå¯ä»¥ç”¨äºé©±åŠ¨å„ç§æ‰‹æœºå±å¹•å½“æ˜¾ç¤ºå™¨ç”¨ã€‚,2023-11-22T10:03:06Z
kbengine,https://github.com/kbengine/kbengine,master,5337,A MMOG engine of server.,2023-11-21T21:53:02Z
mruby,https://github.com/mruby/mruby,master,5188,Lightweight Ruby,2023-11-22T08:03:28Z
dsvpn,https://github.com/jedisct1/dsvpn,master,5111,A Dead Simple VPN.,2023-11-19T21:55:05Z
mozjpeg,https://github.com/mozilla/mozjpeg,master,5246,Improved JPEG encoder.,2023-11-21T21:25:28Z
winfsp,https://github.com/winfsp/winfsp,master,6172,Windows File System Proxy - FUSE for Windows,2023-11-21T12:53:40Z
Provenance,https://github.com/Provenance-Emu/Provenance,develop,5444,"iOS & tvOS multi-emulator frontend, supporting various Atari, Bandai, NEC, Nintendo, Sega, SNK and Sony console systemsâ€¦ Get Started:  https://wiki.provenance-emu.com  | ",2023-11-22T08:55:29Z
bitwise,https://github.com/pervognsen/bitwise,master,5067,Bitwise is an educational project where we create the software/hardware stack for a computer from scratch.,2023-11-20T11:32:25Z
tmate,https://github.com/tmate-io/tmate,master,5373,Instant Terminal Sharing,2023-11-22T10:12:49Z
MBE,https://github.com/RPISEC/MBE,master,5212,Course materials for Modern Binary Exploitation by RPISEC,2023-11-21T23:28:37Z
IronOS,https://github.com/Ralim/IronOS,dev,6383,Open Source Soldering Iron firmware,2023-11-21T23:28:41Z
cjdns,https://github.com/cjdelisle/cjdns,master,5087,An encrypted IPv6 network using public-key cryptography for address allocation and a distributed hash table for routing.,2023-11-22T01:43:19Z
mujoco,https://github.com/deepmind/mujoco,main,6489,Multi-Joint dynamics with Contact. A general purpose physics simulator.,2023-11-22T07:57:04Z
ecapture,https://github.com/ehids/ecapture,master,7477,Capture SSL/TLS text content without a CA certificate using eBPF. This tool is compatible with Linux/Android x86_64/Aarch64.,2023-11-22T08:44:38Z
fontforge,https://github.com/fontforge/fontforge,master,5695,"Free (libre) font editor for Windows, Mac OS X and GNU+Linux",2023-11-22T10:17:10Z
HP-Socket,https://github.com/ldcsaa/HP-Socket,dev,5389,High Performance TCP/UDP/HTTP Communication Component,2023-11-22T08:26:31Z
wireshark,https://github.com/wireshark/wireshark,master,6172,Read-only mirror of Wireshark's Git repository at https://gitlab.com/wireshark/wireshark. âš ï¸ GitHub won't let us disable pull requests. âš ï¸ THEY WILL BE IGNORED HERE âš ï¸ Upload them at GitLab instead.,2023-11-22T07:25:07Z
hackrf,https://github.com/greatscottgadgets/hackrf,master,5729,low cost software radio platform,2023-11-22T09:12:24Z
ttyd,https://github.com/tsl0922/ttyd,main,6788,Share your terminal over the web,2023-11-22T10:27:24Z
quickjs,https://github.com/bellard/quickjs,master,6558,Public repository of the QuickJS Javascript Engine. Pull requests are not accepted. Use the mailing list to submit patches.,2023-11-22T09:00:37Z
fishhook,https://github.com/facebook/fishhook,main,5025,A library that enables dynamically rebinding symbols in Mach-O binaries running on iOS.,2023-11-21T21:37:13Z
OpenBLAS,https://github.com/xianyi/OpenBLAS,develop,5607,OpenBLAS is an optimized BLAS library based on GotoBLAS2 1.13 BSD version. ,2023-11-22T09:51:49Z
sshfs,https://github.com/libfuse/sshfs,master,5284,A network filesystem client to connect to SSH servers,2023-11-22T07:07:08Z
grbl,https://github.com/grbl/grbl,master,5192,"An open source, embedded, high performance g-code-parser and CNC milling controller written in optimized C that will run on a straight Arduino",2023-11-21T10:39:43Z
redcarpet,https://github.com/vmg/redcarpet,master,4908,"The safe Markdown parser, reloaded.",2023-11-21T14:26:10Z
sysbench,https://github.com/akopytov/sysbench,master,5501,Scriptable database and system performance benchmark,2023-11-22T07:28:30Z
iperf,https://github.com/esnet/iperf,master,5859,"iperf3:  A TCP, UDP, and SCTP network bandwidth measurement tool",2023-11-21T14:02:49Z
libhv,https://github.com/ithewei/libhv,master,5962,ğŸ”¥ æ¯”libevent/libuv/asioæ›´æ˜“ç”¨çš„ç½‘ç»œåº“ã€‚A c/c++ network library for developing TCP/UDP/SSL/HTTP/WebSocket/MQTT client/server.,2023-11-22T06:18:47Z
30dayMakeOS,https://github.com/yourtion/30dayMakeOS,master,5413,ã€Š30å¤©è‡ªåˆ¶æ“ä½œç³»ç»Ÿã€‹æºç ä¸­æ–‡ç‰ˆã€‚è‡ªå·±åˆ¶ä½œä¸€ä¸ªæ“ä½œç³»ç»Ÿï¼ˆOSASKï¼‰çš„è¿‡ç¨‹,2023-11-22T07:53:47Z
HoloCubic,https://github.com/peng-zhihui/HoloCubic,main,5621,å¸¦ç½‘ç»œåŠŸèƒ½çš„ä¼ªå…¨æ¯é€æ˜æ˜¾ç¤ºæ¡Œé¢ç«™,2023-11-22T07:43:55Z
cmus,https://github.com/cmus/cmus,master,5108,"Small, fast and powerful console music player for Unix-like operating systems.",2023-11-22T09:19:23Z
yasea,https://github.com/begeekmyfriend/yasea,master,4808,RTMP live streaming client for Android,2023-11-17T04:30:45Z
licecap,https://github.com/justinfrankel/licecap,main,5091,LICEcap simple animated screen capture tool for Windows and OS X,2023-11-22T03:51:59Z
UACME,https://github.com/hfiref0x/UACME,master,5592,Defeating Windows User Account Control,2023-11-22T00:15:03Z
reptyr,https://github.com/nelhage/reptyr,master,5434,Reparent a running program to a new terminal,2023-11-22T04:15:26Z
proxychains,https://github.com/haad/proxychains,master,5593,"proxychains - a tool that forces any TCP connection made by any given application to follow through proxy like TOR or any other SOCKS4, SOCKS5 or HTTP(S) proxy.  Supported auth-types: ""user/pass"" for SOCKS4/5, ""basic"" for HTTP.",2023-11-22T08:59:41Z
Atlas,https://github.com/Qihoo360/Atlas,master,4655,"A high-performance and stableÂ proxy for MySQL, it is developed by Qihoo's DBA and infrastructure team",2023-11-21T10:02:26Z
AdAway,https://github.com/AdAway/AdAway,master,6018,AdAway is a free and open source ad blocker for Android. ,2023-11-22T10:38:44Z
LiteOS,https://github.com/LiteOS/LiteOS,master,4697,code and manual,2023-11-22T09:31:54Z
streem,https://github.com/matz/streem,master,4598,prototype of stream based programming language,2023-11-17T00:55:32Z
arcore-android-sdk,https://github.com/google-ar/arcore-android-sdk,master,4816,ARCore SDK for Android Studio,2023-11-20T01:49:16Z
linux-kernel-exploits,https://github.com/SecWiki/linux-kernel-exploits,master,4984,linux-kernel-exploits Linuxå¹³å°ææƒæ¼æ´é›†åˆ,2023-11-21T00:04:08Z
Logan,https://github.com/Meituan-Dianping/Logan,master,5418,Logan is a lightweight case logging system based on mobile platform.,2023-11-22T08:52:37Z
iodine,https://github.com/yarrick/iodine,master,5590,Official git repo for iodine dns tunnel,2023-11-22T09:11:35Z
nanovg,https://github.com/memononen/nanovg,master,4863,Antialiased 2D vector drawing library on top of OpenGL for UI and visualizations.,2023-11-21T15:49:23Z
zmap,https://github.com/zmap/zmap,main,5075,ZMap is a fast single packet network scanner designed for Internet-wide network surveys.,2023-11-21T23:13:41Z
kcat,https://github.com/edenhill/kcat,master,5048,Generic command line non-JVM Apache Kafka producer and consumer,2023-11-21T07:04:28Z
yaf,https://github.com/laruence/yaf,master,4509,"Fast php framework written in c, built in php extension",2023-11-22T08:55:27Z
colmap,https://github.com/colmap/colmap,main,6011,COLMAP - Structure-from-Motion and Multi-View Stereo,2023-11-22T10:01:42Z
firejail,https://github.com/netblue30/firejail,master,5180,Linux namespaces and seccomp-bpf sandbox,2023-11-21T16:10:17Z
pngquant,https://github.com/kornelski/pngquant,main,4864,Lossy PNG compressor â€” pngquant command based on libimagequant library,2023-11-21T17:24:07Z
mdp,https://github.com/visit1985/mdp,master,4793,A command-line based markdown presentation tool.,2023-11-16T19:31:00Z
dokany,https://github.com/dokan-dev/dokany,master,4871,User mode file system library for windows with FUSE Wrapper,2023-11-22T04:44:02Z
vim.js,https://github.com/coolwanglu/vim.js,master,4460,JavaScript port of Vim,2023-11-16T20:31:02Z
clib,https://github.com/clibs/clib,master,4647,Package manager for the C programming language.,2023-11-22T05:36:44Z
VeraCrypt,https://github.com/veracrypt/VeraCrypt,master,5614,Disk encryption with strong security based on TrueCrypt,2023-11-22T10:46:37Z
nvtop,https://github.com/Syllo/nvtop,master,5921,"GPUs process monitoring for AMD, Intel and NVIDIA ",2023-11-22T09:47:56Z
AliOS-Things,https://github.com/alibaba/AliOS-Things,master,4479,é¢å‘IoTé¢†åŸŸçš„ã€é«˜å¯ä¼¸ç¼©çš„ç‰©è”ç½‘æ“ä½œç³»ç»Ÿï¼Œå¯å»å®˜ç½‘äº†è§£æ›´å¤šä¿¡æ¯https://www.aliyun.com/product/aliosthings,2023-11-21T07:25:33Z
RIOT,https://github.com/RIOT-OS/RIOT,master,4615,RIOT -  The friendly OS for IoT,2023-11-22T09:04:33Z
ravynos,https://github.com/ravynsoft/ravynos,main,5128,A BSD-based OS project that aims to provide an experience like and some compatibility with macOS (formerly known as airyxOS),2023-11-18T02:10:49Z
jo,https://github.com/jpmens/jo,master,4518,JSON output from a shell,2023-11-20T22:51:41Z
coder-kung-fu,https://github.com/yanfeizhang/coder-kung-fu,main,5476,å¼€å‘å†…åŠŸä¿®ç‚¼,2023-11-22T06:42:11Z
mbed-os,https://github.com/ARMmbed/mbed-os,master,4477,Arm Mbed OS is a platform operating system designed for the internet of things,2023-11-22T08:02:59Z
rtl_433,https://github.com/merbanan/rtl_433,master,5353,Program to decode radio transmissions from devices on the ISM bands (and other frequencies),2023-11-22T00:37:37Z
s2n-tls,https://github.com/aws/s2n-tls,main,4319,An implementation of the TLS/SSL protocols,2023-11-22T03:34:38Z
htop,https://github.com/htop-dev/htop,main,5470,htop - an interactive process viewer,2023-11-22T09:37:22Z
tbox,https://github.com/tboox/tbox,master,4551,ğŸ A glib-like multi-platform c library,2023-11-21T05:03:11Z
esp_wifi_repeater,https://github.com/martin-ger/esp_wifi_repeater,master,4510,A full functional WiFi Repeater (correctly: a WiFi NAT Router),2023-11-21T05:09:27Z
tcpcopy,https://github.com/session-replay-tools/tcpcopy,master,4281,"An online request replication tool, also a tcp stream replay tool, fit for real testing, performance testing, stability testing, stress testing, load testing, smoke testing, etc",2023-11-19T14:23:55Z
MangoHud,https://github.com/flightlessmango/MangoHud,master,5284,"A Vulkan and OpenGL overlay for monitoring FPS, temperatures, CPU/GPU load and more. Discord: https://discordapp.com/invite/Gj5YmBb",2023-11-22T09:45:04Z
Tesseract-OCR-iOS,https://github.com/gali8/Tesseract-OCR-iOS,master,4190,"Tesseract OCR iOS is a Framework for iOS7+, compiled also for armv7s and arm64.",2023-11-22T04:25:44Z
naxsi,https://github.com/nbs-system/naxsi,master,4744,"NAXSI is an open-source, high performance, low rules maintenance WAF for NGINX",2023-11-22T07:15:03Z
hekate,https://github.com/CTCaer/hekate,master,5700,hekate - A GUI based Nintendo Switch Bootloader,2023-11-22T07:53:10Z
xrdp,https://github.com/neutrinolabs/xrdp,devel,4939,xrdp: an open source RDP server,2023-11-22T08:11:54Z
libfuse,https://github.com/libfuse/libfuse,master,4715,The reference implementation of the Linux FUSE (Filesystem in Userspace) interface,2023-11-21T06:34:35Z
HelloWord-Keyboard,https://github.com/peng-zhihui/HelloWord-Keyboard,main,5492,,2023-11-22T08:32:46Z
phc-winner-argon2,https://github.com/P-H-C/phc-winner-argon2,master,4502,"The password hash Argon2, winner of PHC ",2023-11-20T03:07:27Z
tpotce,https://github.com/telekom-security/tpotce,master,5423,ğŸ¯ T-Pot - The All In One Honeypot Platform ğŸ,2023-11-22T08:45:47Z
gravity,https://github.com/marcobambini/gravity,master,4213,Gravity Programming Language,2023-11-21T01:30:00Z
SDL,https://github.com/libsdl-org/SDL,main,7114,Simple Directmedia Layer,2023-11-22T06:36:58Z
fluent-bit,https://github.com/fluent/fluent-bit,master,4968,"Fast and Lightweight Logs and Metrics processor for Linux, BSD, OSX and Windows",2023-11-22T07:02:45Z
sioyek,https://github.com/ahrm/sioyek,main,5405,Sioyek is a PDF viewer with a focus on textbooks and research papers,2023-11-22T07:00:43Z
mgba,https://github.com/mgba-emu/mgba,master,4881,mGBA Game Boy Advance Emulator,2023-11-22T08:46:47Z
MTProxy,https://github.com/TelegramMessenger/MTProxy,master,4488,,2023-11-21T15:58:30Z
libusb,https://github.com/libusb/libusb,master,4683,A cross-platform library to access USB devices ,2023-11-22T06:44:55Z
OpenLara,https://github.com/XProger/OpenLara,master,4331,Classic Tomb Raider open-source engine,2023-11-21T23:40:47Z
loadlibrary,https://github.com/taviso/loadlibrary,master,4234,Porting Windows Dynamic Link Libraries to Linux,2023-11-20T14:45:35Z
meltdown,https://github.com/IAIK/meltdown,master,4055,"This repository contains several applications, demonstrating the Meltdown bug.",2023-11-18T23:11:40Z
sds,https://github.com/antirez/sds,master,4620,Simple Dynamic Strings library for C,2023-11-22T07:07:05Z
RediSearch,https://github.com/RediSearch/RediSearch,master,4825,"A query and indexing engine for Redis, providing secondary indexing, full-text search, vector similarity search and aggregations.",2023-11-21T18:02:20Z
dynomite,https://github.com/Netflix/dynomite,dev,4130,A generic dynamo implementation for different k-v storage engines,2023-11-22T05:36:12Z
mizu,https://github.com/up9inc/mizu,master,10015,"The API traffic analyzer for Kubernetes providing real-time K8s protocol-level visibility, capturing and monitoring all traffic and payloads going in, out and across containers, pods, nodes and clusters. Inspired by Wireshark, purposely built for Kubernetes",2023-11-22T08:26:36Z
PINRemoteImage,https://github.com/pinterest/PINRemoteImage,master,3982,"A thread safe, performant, feature rich image fetcher",2023-11-14T13:22:03Z
sokol,https://github.com/floooh/sokol,master,5358,minimal cross-platform standalone C headers,2023-11-22T01:03:41Z
Telegram-iOS,https://github.com/TelegramMessenger/Telegram-iOS,master,4941,Telegram-iOS,2023-11-22T07:49:58Z
zlib,https://github.com/madler/zlib,develop,4849,A massively spiffy yet delicately unobtrusive compression library.,2023-11-22T09:51:45Z
mpc-hc,https://github.com/mpc-hc/mpc-hc,develop,4303,MPC-HC's main repository.  For support use our Trac: https://trac.mpc-hc.org/,2023-11-22T05:20:34Z
vis,https://github.com/martanne/vis,master,4075,A vi-like editor based on Plan 9's structural regular expressions,2023-11-20T15:33:32Z
seL4,https://github.com/seL4/seL4,master,4396,The seL4 microkernel,2023-11-21T10:36:36Z
oot,https://github.com/zeldaret/oot,main,4244,Decompilation of The Legend of Zelda: Ocarina of Time,2023-11-21T08:58:43Z
katran,https://github.com/facebookincubator/katran,main,4329,A high performance layer 4 load balancer,2023-11-21T02:30:29Z
ultrajson,https://github.com/ultrajson/ultrajson,main,4170,Ultra fast JSON decoder and encoder written in C with Python bindings,2023-11-21T18:44:40Z
glusterfs,https://github.com/gluster/glusterfs,devel,4294,Gluster Filesystem : Build your distributed storage in minutes,2023-11-22T07:42:44Z
X-TRACK,https://github.com/FASTSHIFT/X-TRACK,main,4772,A GPS bicycle speedometer that supports offline maps and track recording ,2023-11-21T16:33:14Z
lxc,https://github.com/lxc/lxc,main,4276,LXC - Linux Containers,2023-11-21T06:14:11Z
LCUI,https://github.com/lc-soft/LCUI,develop,4035,"A small C library for building user interfaces with C, XML and CSS.",2023-11-21T11:42:18Z
Quake,https://github.com/id-Software/Quake,master,4344,Quake GPL Source Release,2023-11-22T02:04:24Z
fio,https://github.com/axboe/fio,master,4561,Flexible I/O Tester,2023-11-22T06:16:17Z
ossec-hids,https://github.com/ossec/ossec-hids,master,4147,"OSSEC is an Open Source Host-based Intrusion Detection System that performs log analysis, file integrity checking, policy monitoring, rootkit detection, real-time alerting and active response.",2023-11-22T07:15:24Z
Luma3DS,https://github.com/LumaTeam/Luma3DS,master,4590,"Noob-proof (N)3DS ""Custom Firmware""",2023-11-22T07:03:16Z
osv,https://github.com/cloudius-systems/osv,master,3978,"OSv, a new operating system for the cloud.",2023-11-18T12:06:59Z
mbedtls,https://github.com/Mbed-TLS/mbedtls,development,4582,"An open source, portable, easy to use, readable and flexible TLS library, and reference implementation of the PSA Cryptography API. Releases are on a varying cadence, typically around 3 - 6 months between releases.",2023-11-22T01:10:46Z
study,https://github.com/ming1016/study,master,3845,å­¦ä¹ è®°å½•,2023-11-19T04:04:05Z
fastsocket,https://github.com/fastos/fastsocket,master,3760,"Fastsocket is a highly scalable socket and its underlying networking implementation of Linux kernel. With the straight linear scalability, Fastsocket can provide extremely good performance in multicore machines. In addition, it is very easy to use and maintain. As a result, it has been deployed in the production environment of SINA.",2023-11-17T08:04:52Z
RxFFmpeg,https://github.com/microshow/RxFFmpeg,master,4215,ğŸ”¥ğŸ’¥RxFFmpeg æ˜¯åŸºäº ( FFmpeg 4.0 + X264 + mp3lame + fdk-aac + opencore-amr + openssl ) ç¼–è¯‘çš„é€‚ç”¨äº Android å¹³å°çš„éŸ³è§†é¢‘ç¼–è¾‘ã€è§†é¢‘å‰ªè¾‘çš„å¿«é€Ÿå¤„ç†æ¡†æ¶ï¼ŒåŒ…å«ä»¥ä¸‹åŠŸèƒ½ï¼šè§†é¢‘æ‹¼æ¥ï¼Œè½¬ç ï¼Œå‹ç¼©ï¼Œè£å‰ªï¼Œç‰‡å¤´ç‰‡å°¾ï¼Œåˆ†ç¦»éŸ³è§†é¢‘ï¼Œå˜é€Ÿï¼Œæ·»åŠ é™æ€è´´çº¸å’ŒgifåŠ¨æ€è´´çº¸ï¼Œæ·»åŠ å­—å¹•ï¼Œæ·»åŠ æ»¤é•œï¼Œæ·»åŠ èƒŒæ™¯éŸ³ä¹ï¼ŒåŠ é€Ÿå‡é€Ÿè§†é¢‘ï¼Œå€’æ”¾éŸ³è§†é¢‘ï¼ŒéŸ³é¢‘è£å‰ªï¼Œå˜å£°ï¼Œæ··éŸ³ï¼Œå›¾ç‰‡åˆæˆè§†é¢‘ï¼Œè§†é¢‘è§£ç å›¾ç‰‡ï¼ŒæŠ–éŸ³é¦–é¡µï¼Œè§†é¢‘æ’­æ”¾å™¨åŠæ”¯æŒ OpenSSL https ç­‰ä¸»æµç‰¹è‰²åŠŸèƒ½,2023-11-22T09:00:46Z
reading-code-of-nginx-1.9.2,https://github.com/y123456yz/reading-code-of-nginx-1.9.2,master,4022,nginx-1.9.2æºç é€šè¯»åˆ†ææ³¨é‡Šï¼Œå¸¦è¯¦å°½å‡½æ•°ä¸­æ–‡åˆ†ææ³¨é‡Šä»¥åŠç›¸å…³å‡½æ•°æµç¨‹è°ƒç”¨æ³¨é‡Šï¼Œæœ€å…¨é¢çš„nginxæºç é˜…è¯»åˆ†æä¸­æ–‡æ³¨é‡Šï¼Œæ›´æ–°å®Œæ¯•,2023-11-22T01:19:24Z
sslh,https://github.com/yrutschle/sslh,master,4190,Applicative Protocol Multiplexer (e.g. share SSH and HTTPS on the same port),2023-11-21T08:06:00Z
ttygif,https://github.com/icholy/ttygif,master,3860,Convert terminal recordings to animated gifs,2023-11-20T17:24:52Z
LookingGlass,https://github.com/gnif/LookingGlass,master,4253,An extremely low latency KVMFR (KVM FrameRelay) implementation for guests with VGA PCI Passthrough.,2023-11-22T09:31:42Z
tmk_keyboard,https://github.com/tmk/tmk_keyboard,master,3880,Keyboard firmwares for Atmel AVR and Cortex-M,2023-11-21T10:59:39Z
h3,https://github.com/uber/h3,master,4357,Hexagonal hierarchical geospatial indexing system,2023-11-22T04:30:48Z
tess-two,https://github.com/rmtheis/tess-two,master,3753,Fork of Tesseract Tools for Android,2023-11-22T08:04:21Z
libwebsockets,https://github.com/warmcat/libwebsockets,main,4028,canonical libwebsockets.org networking library,2023-11-21T13:03:44Z
klib,https://github.com/attractivechaos/klib,master,3914,A standalone and lightweight C library,2023-11-22T01:30:27Z
CloverBootloader,https://github.com/CloverHackyColor/CloverBootloader,master,4183,"Bootloader for macOS, Windows and Linux in UEFI and in legacy mode",2023-11-22T08:17:56Z
TIC-80,https://github.com/nesbox/TIC-80,main,4459,"TIC-80 is a fantasy computer for making, playing and sharing tiny games.",2023-11-21T10:36:39Z
gimp,https://github.com/GNOME/gimp,master,4281,Read-only mirror of https://gitlab.gnome.org/GNOME/gimp,2023-11-21T23:31:38Z
littlefs,https://github.com/littlefs-project/littlefs,master,4307,A little fail-safe filesystem designed for microcontrollers,2023-11-22T00:02:53Z
cute_headers,https://github.com/RandyGaul/cute_headers,master,3971,"Collection of cross-platform one-file C/C++ libraries with no dependencies, primarily used for games",2023-11-22T06:23:29Z
libpostal,https://github.com/openvenues/libpostal,master,3841,A C library for parsing/normalizing street addresses around the world. Powered by statistical NLP and open geo data.,2023-11-21T06:28:40Z
wrk2,https://github.com/giltene/wrk2,master,4030,"A constant throughput, correct latency recording variant of wrk",2023-11-21T17:28:58Z
qira,https://github.com/geohot/qira,master,3805,QEMU Interactive Runtime Analyser,2023-11-20T18:23:17Z
FFmpegAndroid,https://github.com/xufuji456/FFmpegAndroid,master,4464,FFmpegå®ç°è§†é¢‘è£å‰ªã€æ°´å°ã€è½¬ç ã€ç¼–è§£ç ã€è½¬GifåŠ¨å›¾ï¼›FFmpegæœ¬åœ°æ¨æµã€H264ä¸RTMPå®æ—¶æ¨æµç›´æ’­ï¼›OpenGLæ»¤é•œç‰¹æ•ˆï¼Œè§†é¢‘æ‹æ‘„ã€‚éŸ³è§†é¢‘å­¦ä¹ è·¯çº¿ï¼ŒéŸ³è§†é¢‘çŸ¥è¯†æ€»ç»“ã€æµåª’ä½“åè®®,2023-11-22T10:12:31Z
kore,https://github.com/jorisvink/kore,master,3597,"An easy to use, scalable and secure web application framework for writing web APIs in C or Python. || This is a read-only mirror, please see https://kore.io/mail and https://kore.io/source for information on how to contribute via the mailing lists.",2023-11-22T04:22:55Z
flinux,https://github.com/wishstudio/flinux,master,3587,Foreign LINUX - Run unmodified Linux applications inside Windows.,2023-10-23T09:19:30Z
GmSSL,https://github.com/guanzhi/GmSSL,master,4359,æ”¯æŒå›½å¯†SM2/SM3/SM4/SM9/SSLçš„å¯†ç å·¥å…·ç®±,2023-11-22T10:19:23Z
Skill-Tree,https://github.com/linw7/Skill-Tree,master,3604,ğŸ¼ å‡†å¤‡ç§‹æ‹›ï¼Œæ¬¢è¿æ¥æ ‘ä¸Šå–æœå®,2023-11-21T07:47:37Z
rainmeter,https://github.com/rainmeter/rainmeter,master,4088,Desktop customization tool for Windows,2023-11-21T20:47:26Z
openwrt-passwall,https://github.com/xiaorouji/openwrt-passwall,main,5691,,2023-11-22T10:11:09Z
vgpu_unlock,https://github.com/DualCoder/vgpu_unlock,master,4118,Unlock vGPU functionality for consumer grade GPUs.,2023-11-21T14:08:14Z
tinyproxy,https://github.com/tinyproxy/tinyproxy,master,4245,tinyproxy - a light-weight HTTP/HTTPS proxy daemon for POSIX operating systems,2023-11-22T09:36:19Z
stlink,https://github.com/stlink-org/stlink,develop,3971,Open source STM32 MCU programming toolset,2023-11-21T11:28:02Z
contiki,https://github.com/contiki-os/contiki,master,3610,"The official git repository for Contiki, the open source OS for the Internet of Things",2023-11-19T01:37:22Z
CPython-Internals,https://github.com/zpoint/CPython-Internals,master,3886,"Dive into CPython internals, trying to illustrate every detail of CPython implementation",2023-11-22T07:42:03Z
ChinaDNS,https://github.com/shadowsocks/ChinaDNS,master,3552,Protect yourself against DNS poisoning in China.,2023-11-20T03:13:32Z
LuaJIT,https://github.com/LuaJIT/LuaJIT,v2.1,4145,Mirror of the LuaJIT git repository,2023-11-22T07:26:25Z
Linux-NetSpeed,https://github.com/Chikage0o0/Linux-NetSpeed,master,3721,å°†Linuxç°å¸¸ç”¨çš„ç½‘ç»œåŠ é€Ÿé›†æˆåœ¨ä¸€èµ·,2023-11-22T04:12:19Z
pthreads,https://github.com/krakjoe/pthreads,master,3479,"Threading for PHP - Share Nothing, Do Everything :)",2023-11-21T11:05:01Z
daytripper,https://github.com/dekuNukem/daytripper,master,3612,Hide-My-Windows Laser Tripwire,2023-11-21T11:35:00Z
btrfs,https://github.com/maharmstone/btrfs,master,4558,WinBtrfs - an open-source btrfs driver for Windows,2023-11-22T10:07:32Z
mobile-ffmpeg,https://github.com/tanersener/mobile-ffmpeg,master,3710,"FFmpeg for Android, iOS and tvOS. Not maintained anymore. Superseded by FFmpegKit.",2023-11-20T09:19:07Z
sc-im,https://github.com/andmarti1424/sc-im,main,3876,sc-im - Spreadsheet Calculator Improvised -- An ncurses spreadsheet program for terminal,2023-11-21T21:28:20Z
clumsy,https://github.com/jagt/clumsy,master,4442,"clumsy makes your network condition on Windows significantly worse, but in a controlled and interactive manner.",2023-11-22T10:41:11Z
dunst,https://github.com/dunst-project/dunst,master,4069,Lightweight and customizable notification daemon,2023-11-21T10:14:00Z
small-video-record,https://github.com/mabeijianxi/small-video-record,master,3440,åˆ©ç”¨FFmpegè§†é¢‘å½•åˆ¶å¾®ä¿¡å°è§†é¢‘ä¸å…¶å‹ç¼©å¤„ç†,2023-11-22T07:47:06Z
grbl,https://github.com/gnea/grbl,master,3784,"An open source, embedded, high performance g-code-parser and CNC milling controller written in optimized C that will run on a straight Arduino",2023-11-21T21:12:06Z
flipperzero-firmware,https://github.com/flipperdevices/flipperzero-firmware,dev,9038,Flipper Zero firmware source code,2023-11-22T04:29:23Z
flatpak,https://github.com/flatpak/flatpak,main,3889,Linux application sandboxing and distribution framework,2023-11-21T01:29:05Z
xHook,https://github.com/iqiyi/xHook,master,3844,ğŸ”¥ A PLT hook library for Android native ELF.,2023-11-20T14:16:54Z
sshfs-win,https://github.com/winfsp/sshfs-win,master,4291,SSHFS For Windows,2023-11-22T10:14:23Z
gamemode,https://github.com/FeralInteractive/gamemode,master,4035,Optimise Linux system performance on demand,2023-11-22T05:28:41Z
u8g2,https://github.com/olikraus/u8g2,master,4374,"U8glib library for monochrome displays, version 2 ",2023-11-22T07:35:08Z
ly,https://github.com/fairyglade/ly,master,4228,display manager with console UI,2023-11-21T14:16:38Z
legacy-cc,https://github.com/mortdeus/legacy-cc,master,3592,The earliest versions of the very first c compiler known to exist in the wild written by the late legend himself dmr. ,2023-11-22T08:22:23Z
tor,https://github.com/torproject/tor,main,4126,unofficial git repo -- report bugs/issues/pull requests on https://gitlab.torproject.org/ --,2023-11-22T09:40:28Z
hyperkit,https://github.com/moby/hyperkit,master,3538,A toolkit for embedding hypervisor capabilities in your application,2023-11-20T13:49:00Z
OBS,https://github.com/jp9000/OBS,master,3387,Open Broadcaster Software (Deprecated: See OBS Studio repository instead),2023-11-15T13:16:33Z
common,https://github.com/cucumber/common,main,3359,A home for issues that are common to multiple cucumber repositories,2023-11-17T09:09:20Z
pushdeer,https://github.com/easychen/pushdeer,main,4222,å¼€æ”¾æºç çš„æ— Appæ¨é€æœåŠ¡ï¼ŒiOS14+æ‰«ç å³ç”¨ã€‚äº¦æ”¯æŒå¿«åº”ç”¨/iOSå’ŒMacå®¢æˆ·ç«¯ã€Androidå®¢æˆ·ç«¯ã€è‡ªåˆ¶è®¾å¤‡,2023-11-22T10:12:19Z
libfreenect,https://github.com/OpenKinect/libfreenect,master,3472,"Drivers and libraries for the Xbox Kinect device on Windows, Linux, and OS X",2023-11-21T14:47:14Z
orbital,https://github.com/AlexAltea/orbital,master,3508,Experimental PlayStation 4 emulator.,2023-11-19T10:10:21Z
dSYMTools,https://github.com/answer-huang/dSYMTools,master,3409,dSYM analyze,2023-11-22T06:03:41Z
sandboxie,https://github.com/sandboxie/sandboxie,master,3493,The Sandboxie application,2023-11-21T16:55:37Z
aircrack-ng,https://github.com/aircrack-ng/aircrack-ng,master,4363,WiFi security auditing tools suite,2023-11-22T01:09:28Z
f-stack,https://github.com/F-Stack/f-stack,dev,3600,"F-Stack is an user space  network development kit with high performance based on DPDK, FreeBSD TCP/IP stack and coroutine API.",2023-11-22T07:53:01Z
mimipenguin,https://github.com/huntergregal/mimipenguin,master,3592,A tool to dump the login password from the current linux user,2023-11-21T16:44:35Z
tiny-AES-c,https://github.com/kokke/tiny-AES-c,master,3834,Small portable AES128/192/256 in C,2023-11-22T03:02:22Z
ngx_http_google_filter_module,https://github.com/cuber/ngx_http_google_filter_module,master,3335,Nginx Module for Google Mirror,2023-11-16T10:04:25Z
OpenMower,https://github.com/ClemensElflein/OpenMower,main,4141,"Let's upgrade cheap off-the-shelf robotic mowers to modern, smart RTK GPS based lawn mowing robots!",2023-11-21T12:30:18Z
hstr,https://github.com/dvorka/hstr,master,3740,"bash and zsh shell history suggest box - easily view, navigate, search and manage your command history.",2023-11-22T04:02:19Z
libuv,https://github.com/joyent/libuv,moved,3275,Go to ,2023-11-17T02:08:51Z
flecs,https://github.com/SanderMertens/flecs,master,4991,A fast entity component system (ECS) for C & C++,2023-11-22T09:48:04Z
simplewall,https://github.com/henrypp/simplewall,master,4656,Simple tool to configure Windows Filtering Platform (WFP) which can configure network activity on your computer.,2023-11-22T07:33:02Z
skhd,https://github.com/koekeishiya/skhd,master,4816, Simple hotkey daemon for macOS,2023-11-22T07:04:10Z
keepalived,https://github.com/acassen/keepalived,master,3661,Keepalived,2023-11-22T01:51:50Z
edk2,https://github.com/tianocore/edk2,master,3932,EDK II,2023-11-22T10:36:35Z
rpitx,https://github.com/F5OEO/rpitx,master,3638,RF transmitter for Raspberry Pi,2023-11-20T10:18:17Z
wuffs,https://github.com/google/wuffs,main,3513,Wrangling Untrusted File Formats Safely,2023-11-21T10:49:29Z
activate-linux,https://github.com/MrGlockenspiel/activate-linux,main,3735,"The ""Activate Windows"" watermark ported to Linux",2023-11-20T23:17:46Z
uthash,https://github.com/troydhanson/uthash,master,3744,C macros for hash tables and more,2023-11-22T06:22:05Z
haproxy,https://github.com/haproxy/haproxy,master,4129,HAProxy Load Balancer's development branch (mirror of git.haproxy.org),2023-11-22T10:38:17Z
dqlite,https://github.com/canonical/dqlite,master,3574,"Embeddable, replicated and fault tolerant SQL engine.",2023-11-21T20:02:48Z
write-a-C-interpreter,https://github.com/lotabout/write-a-C-interpreter,master,3586,Write a simple interpreter of C. Inspired by c4 and largely based on it.,2023-11-22T05:14:03Z
uwsgi,https://github.com/unbit/uwsgi,master,3358,uWSGI application server container,2023-11-20T05:05:20Z
Lilu,https://github.com/acidanthera/Lilu,master,3434,Arbitrary kext and process patching on macOS,2023-11-21T01:25:51Z
xv6-riscv,https://github.com/mit-pdos/xv6-riscv,riscv,5256,Xv6 for RISC-V,2023-11-22T09:58:38Z
nanopb,https://github.com/nanopb/nanopb,master,3805,Protocol Buffers with small code size,2023-11-21T08:57:35Z
motion,https://github.com/Motion-Project/motion,master,3456,"Motion, a software motion detector.     Home page:  https://motion-project.github.io/",2023-11-21T07:15:53Z
bytehound,https://github.com/koute/bytehound,master,3740,A memory profiler for Linux.,2023-11-22T07:17:54Z
CTF-All-In-One,https://github.com/firmianay/CTF-All-In-One,master,3602,CTFç«èµ›æƒå¨æŒ‡å—,2023-11-21T13:00:54Z
wasm-micro-runtime,https://github.com/bytecodealliance/wasm-micro-runtime,main,4139,WebAssembly Micro Runtime (WAMR),2023-11-22T01:51:54Z
libaco,https://github.com/hnes/libaco,master,3392,A blazing fast and lightweight C asymmetric coroutine library  ğŸ’ â›…ğŸš€â›…ğŸŒ,2023-11-22T07:19:10Z
magspoof,https://github.com/samyk/magspoof,master,3737,"A portable device that can spoof/emulate any magnetic stripe, credit card or hotel card ""wirelessly"", even on standard magstripe (non-NFC/RFID) readers. It can disable Chip&PIN and predict AMEX card numbers with 100% accuracy.",2023-11-21T11:15:48Z
krackattacks-scripts,https://github.com/vanhoefm/krackattacks-scripts,research,3242,,2023-11-22T10:24:58Z
AFLplusplus,https://github.com/AFLplusplus/AFLplusplus,stable,4093,"The fuzzer afl++ is afl with community patches, qemu 5.1 upgrade, collision-free coverage, enhanced laf-intel & redqueen, AFLfast++ power schedules, MOpt mutators, unicorn_mode, and a lot more!",2023-11-22T03:44:00Z
tinyusb,https://github.com/hathach/tinyusb,master,4122,An open source  cross-platform USB stack for embedded system,2023-11-21T09:18:09Z
pocketsphinx,https://github.com/cmusphinx/pocketsphinx,master,3587,A small speech recognizer,2023-11-22T08:40:27Z
coreutils,https://github.com/coreutils/coreutils,master,3775,upstream mirror,2023-11-22T05:18:02Z
xCrash,https://github.com/iqiyi/xCrash,master,3497,"ğŸ”¥ xCrash provides the Android app with the ability to capture java crash, native crash and ANR. No root permission or any system permissions are required.",2023-11-22T04:53:13Z
coz,https://github.com/plasma-umass/coz,master,3639,Coz: Causal Profiling,2023-11-21T06:02:58Z
httpd,https://github.com/apache/httpd,trunk,3311,Mirror of Apache HTTP Server. Issues: http://issues.apache.org,2023-11-21T23:52:37Z
sqlite,https://github.com/sqlite/sqlite,master,4791,Official Git mirror of the SQLite source tree,2023-11-22T02:37:55Z
varnish-cache,https://github.com/varnishcache/varnish-cache,master,3387,Varnish Cache source code repository,2023-11-21T14:00:18Z
libjpeg-turbo,https://github.com/libjpeg-turbo/libjpeg-turbo,main,3455,Main libjpeg-turbo repository,2023-11-22T08:34:10Z
linenoise,https://github.com/antirez/linenoise,master,3418,A small self-contained alternative to readline and libedit,2023-11-21T14:21:55Z
Nintendo_Switch_Reverse_Engineering,https://github.com/dekuNukem/Nintendo_Switch_Reverse_Engineering,master,3303,A look at inner workings of Joycon and Nintendo Switch,2023-11-18T21:16:33Z
jsmn,https://github.com/zserge/jsmn,master,3408,Jsmn is a world fastest JSON parser/tokenizer. This is the official repo replacing the old one at Bitbucket,2023-11-18T23:31:20Z
msquic,https://github.com/microsoft/msquic,main,3624,"Cross-platform, C implementation of the IETF QUIC protocol, exposed to C, C++, C# and Rust.",2023-11-22T02:11:04Z
eddystone,https://github.com/google/eddystone,master,3068,"Specification for Eddystone, an open beacon format from Google",2023-11-15T05:33:17Z
gifsicle,https://github.com/kohler/gifsicle,master,3466,"Create, manipulate, and optimize GIF images and animations",2023-11-21T22:44:49Z
rt-n56u,https://github.com/hanwckf/rt-n56u,master,3204,Padavan,2023-11-22T02:11:06Z
rubinius,https://github.com/rubinius/rubinius,master,3051,The Rubinius Language Platform,2023-11-20T04:02:34Z
nDPI,https://github.com/ntop/nDPI,dev,3446,Open Source Deep Packet Inspection Software Toolkit,2023-11-21T17:45:08Z
FreeRTOS,https://github.com/FreeRTOS/FreeRTOS,main,4182,'Classic' FreeRTOS distribution.  Started as Git clone of FreeRTOS SourceForge SVN repo.  Submodules the kernel.,2023-11-22T08:30:59Z
stellar-core,https://github.com/stellar/stellar-core,master,3072,stellar-core is the reference implementation for the peer to peer agent that manages the Stellar network,2023-11-20T18:33:23Z
ovs,https://github.com/openvswitch/ovs,master,3302,Open vSwitch,2023-11-22T06:28:19Z
minecraft-weekend,https://github.com/jdah/minecraft-weekend,master,3531,"Minecraft, but I made it in 48 hours.",2023-11-22T07:50:47Z
picom,https://github.com/yshui/picom,next,3621,A lightweight compositor for X11,2023-11-22T05:04:52Z
UEFITool,https://github.com/LongSoft/UEFITool,new_engine,3747,UEFI firmware image viewer and editor,2023-11-21T08:15:28Z
clink,https://github.com/mridgers/clink,master,3093,Bash's powerful command line editing in cmd.exe,2023-11-19T04:00:26Z
sqlitestudio,https://github.com/pawelsalawa/sqlitestudio,master,3875,"A free, open source, multi-platform SQLite database manager.",2023-11-21T21:41:10Z
v4l2loopback,https://github.com/umlaeute/v4l2loopback,main,3365,v4l2-loopback device ,2023-11-21T13:02:07Z
wsltty,https://github.com/mintty/wsltty,master,3063,Mintty as a terminal for Bash on Ubuntu on Windows / WSL,2023-11-21T16:17:32Z
tinyvm,https://github.com/jakogut/tinyvm,master,3079,"TinyVM is a small, fast, lightweight virtual machine written in pure ANSI C.",2023-11-22T03:11:47Z
minhook,https://github.com/TsudaKageyu/minhook,master,3680,The Minimalistic x86/x64 API Hooking Library for Windows,2023-11-22T02:04:24Z
emojicode,https://github.com/emojicode/emojicode,master,3138,ğŸ˜€ğŸ˜œğŸ”‚ Worldâ€™s only programming language thatâ€™s bursting with emojis,2023-11-21T22:20:47Z
rtty,https://github.com/zhaojh329/rtty,master,3421,ğŸ› Access your terminal from anywhere via the web.,2023-11-22T01:03:59Z
C,https://github.com/Mzzopublic/C,master,3340,Cè¯­è¨€,2023-11-22T08:01:23Z
nng,https://github.com/nanomsg/nng,master,3394,nanomsg-next-generation -- light-weight brokerless messaging,2023-11-22T07:40:43Z
noise-suppression-for-voice,https://github.com/werman/noise-suppression-for-voice,master,4001,Noise suppression plugin based on Xiph's RNNoise,2023-11-22T05:47:16Z
oj,https://github.com/ohler55/oj,develop,3056,Optimized JSON,2023-11-21T10:18:53Z
zsh,https://github.com/zsh-users/zsh,master,3300,Mirror of the Z shell source code repository.,2023-11-20T03:21:06Z
AFL,https://github.com/google/AFL,master,3305,american fuzzy lop - a security-oriented fuzzer,2023-11-22T08:57:25Z
cmatrix,https://github.com/abishekvashok/cmatrix,master,3501,"Terminal based ""The Matrix"" like implementation",2023-11-21T16:10:08Z
nchan,https://github.com/slact/nchan,master,2958,"Fast, horizontally scalable, multiprocess pub/sub queuing server and proxy for HTTP, long-polling, Websockets and EventSource (SSE), powered by Nginx.",2023-11-21T10:31:22Z
p2pvc,https://github.com/mofarrell/p2pvc,master,2892,A point to point color terminal video chat.,2023-11-11T22:35:36Z
tectonic,https://github.com/tectonic-typesetting/tectonic,master,3548,"A modernized, complete, self-contained TeX/LaTeX engine, powered by XeTeX and TeXLive.",2023-11-22T02:11:30Z
icmptunnel,https://github.com/DhavalKapil/icmptunnel,master,3000,Transparently tunnel your IP traffic through ICMP echo and reply packets.,2023-11-21T14:36:43Z
ESP8266_RTOS_SDK,https://github.com/espressif/ESP8266_RTOS_SDK,master,3148,"Latest ESP8266 SDK based on FreeRTOS, esp-idf style.",2023-11-20T15:17:35Z
lastpass-cli,https://github.com/lastpass/lastpass-cli,master,2864,LastPass command line interface tool,2023-11-20T19:46:17Z
INTANG,https://github.com/seclab-ucr/INTANG,master,2864,,2023-11-07T13:59:06Z
bjoern,https://github.com/jonashaag/bjoern,master,2953,A screamingly fast Python 2/3 WSGI server written in C.,2023-11-19T23:56:02Z
c-algorithms,https://github.com/fragglet/c-algorithms,master,3068,A library of common data structures and algorithms written in C.,2023-11-21T16:10:05Z
odyssey,https://github.com/yandex/odyssey,master,3037,Scalable PostgreSQL connection pooler,2023-11-21T15:39:47Z
aubio,https://github.com/aubio/aubio,master,3055,a library for audio and music analysis,2023-11-18T14:45:58Z
haxm,https://github.com/intel/haxm,master,3115,IntelÂ® Hardware Accelerated Execution Manager (IntelÂ® HAXM),2023-11-21T01:16:37Z
leetcode,https://github.com/begeekmyfriend/leetcode,master,2973,LeetCode in pure C,2023-11-20T20:26:35Z
GTAO_Booster_PoC,https://github.com/tostercx/GTAO_Booster_PoC,master,2829,,2023-11-21T11:23:08Z
redsocks,https://github.com/darkk/redsocks,master,3095,transparent TCP-to-proxy redirector,2023-11-22T02:05:44Z
collectd,https://github.com/collectd/collectd,main,2907,The system statistics collection daemon. Please send Pull Requests here!,2023-11-20T09:16:11Z
7-Zip-zstd,https://github.com/mcmilk/7-Zip-zstd,master,4174,"7-Zip with support for Brotli, Fast-LZMA2, Lizard, LZ4, LZ5 and Zstandard",2023-11-22T05:49:45Z
suricata,https://github.com/OISF/suricata,master,3610,"Suricata is a network Intrusion Detection System, Intrusion Prevention System and Network Security Monitoring engine developed by the OISF and the Suricata community.",2023-11-22T08:24:51Z
cava,https://github.com/karlstav/cava,master,3478,Cross-platform Audio Visualizer,2023-11-22T00:30:15Z
psycopg2,https://github.com/psycopg/psycopg2,master,3082,PostgreSQL database adapter for the Python programming language,2023-11-22T04:40:36Z
miraclecast,https://github.com/albfan/miraclecast,master,3466,Connect external monitors to your system via Wifi-Display specification also known as Miracast,2023-11-21T16:13:59Z
hexchat,https://github.com/hexchat/hexchat,master,2940,GTK+ IRC client,2023-11-21T18:13:47Z
nginx-module-vts,https://github.com/vozlt/nginx-module-vts,master,3037,Nginx virtual host traffic status module,2023-11-20T08:46:27Z
pcileech,https://github.com/ufrisk/pcileech,master,3797,Direct Memory Access (DMA) Attack Software,2023-11-22T04:02:46Z
bubblewrap,https://github.com/containers/bubblewrap,main,3409,Low-level unprivileged sandboxing tool used by Flatpak and similar projects,2023-11-21T23:52:47Z
flex,https://github.com/westes/flex,master,3224,The Fast Lexical Analyzer - scanner generator for lexing in C and C++,2023-11-20T14:00:18Z
checkedc,https://github.com/microsoft/checkedc,master,3166,"Checked C is an extension to C that lets programmers write C code that is guaranteed by the compiler to be type-safe.  The goal is to let people easily make their existing C code type-safe and eliminate entire classes of errors. Checked C does not address use-after-free errors. This repo has a wiki for Checked C, sample code, the specification, and test code.",2023-11-15T10:32:52Z
retro,https://github.com/openai/retro,master,3228,Retro Games in Gym,2023-11-21T12:09:10Z
rnnoise,https://github.com/xiph/rnnoise,master,3324,Recurrent neural network for audio noise reduction,2023-11-22T09:35:56Z
dumpdecrypted,https://github.com/stefanesser/dumpdecrypted,master,2825,Dumps decrypted mach-o files from encrypted iPhone applications from memory to disk. This tool is necessary for security researchers to be able to look under the hood of encryption.,2023-11-20T09:03:10Z
Data-Structure,https://github.com/kangjianwei/Data-Structure,master,3272,ã€Šæ•°æ®ç»“æ„ã€‹-ä¸¥è”šæ•.å´ä¼Ÿæ°‘-æ•™ææºç ä¸ä¹ é¢˜è§£æ,2023-11-22T03:13:33Z
glad,https://github.com/Dav1dde/glad,glad2,3288,Multi-Language Vulkan/GL/GLES/EGL/GLX/WGL Loader-Generator based on the official specs.,2023-11-22T02:08:38Z
Unity,https://github.com/ThrowTheSwitch/Unity,master,3375,Simple Unit Testing for C,2023-11-22T03:56:44Z
3proxy,https://github.com/3proxy/3proxy,master,3304,3proxy - tiny free proxy server,2023-11-19T16:09:16Z
lk,https://github.com/littlekernel/lk,master,2982,LK embedded kernel,2023-11-21T15:04:57Z
openwifi,https://github.com/open-sdr/openwifi,master,3342,"open-source IEEE 802.11 WiFi baseband FPGA (chip) design: driver, software",2023-11-22T02:34:22Z
AirConnect,https://github.com/philippe44/AirConnect,master,3185,Use AirPlay to stream to UPnP/Sonos & Chromecast devices,2023-11-22T09:09:24Z
unit,https://github.com/nginx/unit,master,4901,NGINX Unit - universal web app server - a lightweight and versatile open source server that simplifies the application stack by natively executing application code across eight different programming language runtimes.,2023-11-21T22:32:51Z
jansson,https://github.com/akheron/jansson,master,2889,"C library for encoding, decoding and manipulating JSON data",2023-11-20T18:58:35Z
inotify-tools,https://github.com/inotify-tools/inotify-tools,master,2972,  inotify-tools is a C library and a set of command-line programs providing a simple interface to inotify.,2023-11-22T01:13:03Z
zimg,https://github.com/buaazp/zimg,master,2682,A lightweight and high performance image storage and processing system.,2023-10-28T21:50:07Z
nq,https://github.com/leahneukirchen/nq,master,2741,Unix command line queue utility,2023-11-21T07:51:05Z
Main_MiSTer,https://github.com/MiSTer-devel/Main_MiSTer,master,2893,Main MiSTer binary and Wiki,2023-11-21T04:48:55Z
pingfs,https://github.com/yarrick/pingfs,master,2898,Stores your data in ICMP ping packets,2023-11-17T16:24:50Z
muon,https://github.com/ImVexed/muon,master,2797,GPU based Electron on a diet,2023-11-19T15:41:55Z
openwrt,https://github.com/Lienol/openwrt,22.03,3148,Lienol's Modified OpenWrt source,2023-11-22T06:52:39Z
ostep-projects,https://github.com/remzi-arpacidusseau/ostep-projects,master,3412,Projects for an undergraduate OS course,2023-11-21T14:58:33Z
libmill,https://github.com/sustrik/libmill,master,2689,Go-style concurrency in C,2023-11-22T00:57:10Z
honggfuzz,https://github.com/google/honggfuzz,master,2896,"Security oriented software fuzzer. Supports evolutionary, feedback-driven fuzzing based on code coverage (SW and HW based)",2023-11-21T13:56:58Z
cuda-samples,https://github.com/NVIDIA/cuda-samples,master,4493,Samples for CUDA Developers which demonstrates features in CUDA Toolkit,2023-11-22T09:42:32Z
ics-openvpn,https://github.com/schwabe/ics-openvpn,master,3032,OpenVPN for Android,2023-11-22T07:49:12Z
os,https://github.com/minoca/os,master,2681,Minoca operating system,2023-11-22T08:31:52Z
libffi,https://github.com/libffi/libffi,master,2928,A portable foreign-function interface library.,2023-11-19T21:48:17Z
proxmark3,https://github.com/Proxmark/proxmark3,master,2907,Proxmark 3,2023-11-22T07:37:59Z
neuralcoref,https://github.com/huggingface/neuralcoref,master,2763,âœ¨Fast Coreference Resolution in spaCy with Neural Networks,2023-11-21T18:20:21Z
SmartAppUpdates,https://github.com/cundong/SmartAppUpdates,master,2636,Androidåº”ç”¨å¢é‡æ›´æ–°,2023-11-08T07:59:04Z
fzy,https://github.com/jhawthorn/fzy,master,2841,":mag: A simple, fast fuzzy finder for the terminal",2023-11-21T02:32:14Z
awtk,https://github.com/zlgopen/awtk,master,2870,AWTK = Toolkit AnyWhere(a cross-platform embedded GUI),2023-11-22T03:34:37Z
entr,https://github.com/eradman/entr,master,3544,Run arbitrary commands when files change,2023-11-22T08:37:44Z
ProcDump-for-Linux,https://github.com/Sysinternals/ProcDump-for-Linux,master,2789,A Linux version of the ProcDump Sysinternals tool,2023-11-20T21:51:29Z
webdis,https://github.com/nicolasff/webdis,master,2742,A Redis HTTP interface with JSON output,2023-11-21T02:49:23Z
neomutt,https://github.com/neomutt/neomutt,main,2953,âœ‰ï¸ Teaching an Old Dog New Tricks -- IRC: #neomutt on irc.libera.chat,2023-11-21T08:25:38Z
janet,https://github.com/janet-lang/janet,master,3157,A dynamic language and bytecode vm,2023-11-21T21:16:34Z
helloworld,https://github.com/fw876/helloworld,master,3186,,2023-11-21T18:37:51Z
gear-lib,https://github.com/gozfree/gear-lib,master,2764,"Gear-Lib, C library for IOT Embedded Multimedia and Network",2023-11-18T07:41:21Z
Broadway,https://github.com/mbebenita/Broadway,master,2682,A JavaScript H.264 decoder.,2023-11-22T09:20:58Z
UVCCamera,https://github.com/saki4510t/UVCCamera,master,2839,library and sample to access to UVC web camera on non-rooted Android device,2023-11-22T07:24:08Z
irssi,https://github.com/irssi/irssi,master,2731,The client of the future,2023-11-20T20:50:29Z
EasyLogger,https://github.com/armink/EasyLogger,master,3248,"An ultra-lightweight(ROM<1.6K, RAM<0.3k), high-performance C/C++ log library. | ä¸€æ¬¾è¶…è½»é‡çº§(ROM<1.6K, RAM<0.3k)ã€é«˜æ€§èƒ½çš„ C/C++ æ—¥å¿—åº“",2023-11-21T13:01:28Z
weechat,https://github.com/weechat/weechat,master,2730,The extensible chat client.,2023-11-20T13:32:42Z
viabtc_exchange_server,https://github.com/viabtc/viabtc_exchange_server,master,2632,A trading engine with high-speed performance and real-time notification,2023-11-20T09:38:43Z
AI-on-the-edge-device,https://github.com/jomjol/AI-on-the-edge-device,rolling,4208,"Easy to use device for connecting ""old"" measuring units (water, power, gas, ...) to the digital world",2023-11-21T23:39:29Z
Tiny,https://github.com/Sunzxyong/Tiny,master,2580,an image compression framework.ï¼ˆä¸€ä¸ªé«˜ä¿çœŸã€é«˜å‹ç¼©æ¯”çš„å›¾ç‰‡å‹ç¼©æ¡†æ¶ï¼‰,2023-11-20T14:16:50Z
EasyHook,https://github.com/EasyHook/EasyHook,master,2799,EasyHook - The reinvention of Windows API Hooking,2023-11-18T22:57:34Z
json-c,https://github.com/json-c/json-c,master,2785,https://github.com/json-c/json-c is the official code repository for json-c.  See the wiki for release tarballs for download.  API docs at http://json-c.github.io/json-c/,2023-11-20T16:01:40Z
src,https://github.com/openbsd/src,master,2918,Read-only git conversion of OpenBSD's official CVS src repository. Pull requests not accepted - send diffs to the tech@ mailing list.,2023-11-21T01:41:44Z
QuickJS,https://github.com/quickjs-zh/QuickJS,master,2887,QuickJSæ˜¯ä¸€ä¸ªå°å‹å¹¶ä¸”å¯åµŒå…¥çš„Javascriptå¼•æ“ï¼Œå®ƒæ”¯æŒES2020è§„èŒƒï¼ŒåŒ…æ‹¬æ¨¡å—ï¼Œå¼‚æ­¥ç”Ÿæˆå™¨å’Œä»£ç†å™¨ã€‚,2023-11-20T07:32:28Z
premake-core,https://github.com/premake/premake-core,master,2911,Premake,2023-11-22T06:44:53Z
amazon-freertos,https://github.com/aws/amazon-freertos,main,2543,DEPRECATED - See README.md,2023-11-15T18:00:17Z
starrtc-server,https://github.com/starrtc/starrtc-server,master,2758,å…è´¹IMç³»ç»Ÿï¼ŒIMå³æ—¶é€šä¿¡æ¶ˆæ¯ç³»ç»Ÿ(å«ä¸€å¯¹ä¸€æ–‡å­—èŠå¤©ï¼Œç¾¤èŠï¼ŒèŠå¤©å®¤)ï¼Œå…è´¹ä¸€å¯¹ä¸€voipå®æ—¶é€šè¯ï¼Œå½•å±ï¼ŒwebrtcæœåŠ¡ç«¯ï¼Œå…è´¹ç›´æ’­è¿éº¦ï¼Œäº’åŠ¨ç›´æ’­ï¼Œè§†é¢‘ç›´æ’­ï¼ŒRTSPæ‹‰æµï¼ŒRTMPæ¨æµï¼Œè¯­éŸ³å¯¹è®²ï¼Œå…è´¹åœ¨çº¿ä¼šè®®ï¼Œè§†é¢‘ä¼šè®®ç­‰æœåŠ¡ç«¯ç¨‹åºï¼Œæ”¯æŒç‰©è”ç½‘å¹³å°ï¼Œâœ¨ä¸‡æ°´åƒå±±æ€»æ˜¯æƒ…ï¼Œæ¥ä¸ªstarè¡Œä¸è¡Œâœ¨,2023-11-21T06:31:55Z
zydis,https://github.com/zyantific/zydis,master,2985,Fast and lightweight x86/x86-64 disassembler and code generation library,2023-11-22T02:04:27Z
WizQTClient,https://github.com/WizTeam/WizQTClient,master,2593,ä¸ºçŸ¥ç¬”è®°è·¨å¹³å°å®¢æˆ·ç«¯,2023-11-09T08:33:46Z
iotjs,https://github.com/jerryscript-project/iotjs,master,2559,Platform for Internet of Things with JavaScript http://www.iotjs.net ,2023-11-18T18:36:44Z
tidy-html5,https://github.com/htacg/tidy-html5,next,2629,"The granddaddy of HTML tools, with support for modern standards",2023-11-20T23:00:35Z
esp-link,https://github.com/jeelabs/esp-link,master,2718,"esp8266 wifi-serial bridge, outbound TCP, and arduino/AVR/LPC/NXP programmer",2023-11-22T09:06:22Z
shadowsocksr-native,https://github.com/ShadowsocksR-Live/shadowsocksr-native,master,2691,"ç¿»å¢™ ä»å®¹ç©¿è¶Šå…šå›½æ•æ„Ÿæ—¥ ShadowsocksR (SSRoT) native implementation for all platforms, GFW terminator",2023-11-20T15:44:09Z
mjpg-streamer,https://github.com/jacksonliam/mjpg-streamer,master,2796,Fork of http://sourceforge.net/projects/mjpg-streamer/,2023-11-22T10:28:01Z
pwnat,https://github.com/samyk/pwnat,master,2909,"The only tool/technique to punch holes through firewalls/NATs where multiple clients & server can be behind separate NATs without any 3rd party involvement. Pwnat is a newly developed technique, exploiting a property of NAT translation tables, with no 3rd party, port forwarding, DMZ, DNS, router admin requirements, STUN/TURN/UPnP/ICE, or spoofing.",2023-11-21T20:51:36Z
Espruino,https://github.com/espruino/Espruino,master,2649,The Espruino JavaScript interpreter - Official Repo,2023-11-22T07:26:55Z
libopencm3,https://github.com/libopencm3/libopencm3,master,2800,Open source ARM Cortex-M microcontroller library,2023-11-19T17:48:34Z
rpi4-osdev,https://github.com/isometimes/rpi4-osdev,master,3183,"Tutorial: Writing a ""bare metal"" operating system for Raspberry Pi 4",2023-11-21T19:31:46Z
shellinabox,https://github.com/shellinabox/shellinabox,master,2701,Official-ish Fork of Shell In A Box,2023-11-19T12:05:11Z
miniaudio,https://github.com/mackron/miniaudio,master,3279,"Audio playback and capture library written in C, in a single source file.",2023-11-22T10:14:43Z
Collections-C,https://github.com/srdja/Collections-C,master,2631,A library of generic data structures.,2023-11-21T03:25:04Z
io,https://github.com/IoLanguage/io,master,2605,"Io programming language. Inspired by Self, Smalltalk and LISP.",2023-11-21T09:45:46Z
sl,https://github.com/mtoyoda/sl,master,2713,SL(1): Cure your bad habit of mistyping,2023-11-22T04:36:24Z
cleanflight,https://github.com/cleanflight/cleanflight,master,2531,Clean-code version of the baseflight flight controller firmware,2023-11-22T08:10:11Z
word2vec,https://github.com/danielfrg/word2vec,main,2535,Python interface to Google word2vec,2023-11-21T07:51:26Z
microui,https://github.com/rxi/microui,master,2912,A tiny immediate-mode UI library,2023-11-21T22:32:20Z
libmodbus,https://github.com/stephane/libmodbus,master,2952,"A Modbus library for Linux, Mac OS, FreeBSD and Windows",2023-11-22T10:43:57Z
luna,https://github.com/tj/luna,master,2446,"luna programming language - a small, elegant VM implemented in C",2023-11-07T04:47:33Z
PolarDB-for-PostgreSQL,https://github.com/ApsaraDB/PolarDB-for-PostgreSQL,POLARDB_11_STABLE,2698,A cloud-native database based on PostgreSQL developed by Alibaba Cloud.,2023-11-22T04:04:05Z
dpvs,https://github.com/iqiyi/dpvs,master,2762,DPVS is a high performance Layer-4 load balancer based on DPDK.,2023-11-18T17:36:38Z
geany,https://github.com/geany/geany,master,2880,A fast and lightweight IDE,2023-11-20T14:08:02Z
acl,https://github.com/acl-dev/acl,master,2682,"A powerful server and network library, including coroutine, redis client, http, websocket, mqtt with C/C++ for multi-platform including Linux, Android, iOS, MacOS, Windows, etc..",2023-11-21T11:46:14Z
HomeKitADK,https://github.com/apple/HomeKitADK,master,2493,,2023-11-14T15:30:37Z
massdns,https://github.com/blechschmidt/massdns,master,2821,A high-performance DNS stub resolver for bulk lookups and reconnaissance (subdomain enumeration),2023-11-22T04:02:59Z
u-boot,https://github.com/u-boot/u-boot,master,3245,"""Das U-Boot"" Source Tree",2023-11-22T05:27:18Z
notcurses,https://github.com/dankamongmen/notcurses,master,2937,blingful character graphics/TUI library. definitely not curses.,2023-11-22T08:13:01Z
shairport,https://github.com/abrasive/shairport,master,2429,Airtunes emulator! Shairport is no longer maintained.,2023-11-21T21:04:06Z
RMStore,https://github.com/robotmedia/RMStore,master,2430,A lightweight iOS library for In-App Purchases,2023-11-14T07:11:42Z
